1	муж	муж	NOUN	_	Animacy=Anim|Case=Nom|Gender=Masc|Number=Sing	_	_	_	@tim1991f-words#@tim1991f#1651.0#1651.312
2	говорил	говорить	VERB	_	Aspect=Imp|Gender=Masc|Mood=Ind|Number=Sing|Tense=Past|VerbForm=Fin|Voice=Act	_	_	_	@tim1991f-words#@tim1991f#1651.312#1651.624
3	что	что	PRON	_	Case=Acc	_	_	_	@tim1991f-words#@tim1991f#1651.624#1651.936
4	/	/	PUNCT	_	_	_	_	_	@tim1991f-words#@tim1991f#1651.936#1652.248
5	детей	ребенок	NOUN	_	Animacy=Anim|Case=Acc|Gender=Masc|Number=Plur	_	_	_	@tim1991f-words#@tim1991f#1652.248#1652.56
6	рожай	рожай	NOUN	_	Animacy=Inan|Case=Acc|Gender=Masc|Number=Sing	_	_	_	@tim1991f-words#@tim1991f#1652.56#1652.872
7	и	и	CCONJ	_	_	_	_	_	@tim1991f-words#@tim1991f#1652.872#1653.184
8	творчески	творчески	ADV	_	Degree=Pos	_	_	_	@tim1991f-words#@tim1991f#1653.184#1653.496
9	раскройся	раскроться	VERB	_	Aspect=Imp|Mood=Imp|Number=Sing|Person=2|VerbForm=Fin|Voice=Mid	_	_	_	@tim1991f-words#@tim1991f#1653.496#1653.808
10	но	но	CCONJ	_	_	_	_	_	@tim1991f-words#@tim1991f#1653.808#1654.12
11	тут	тут	ADV	_	Degree=Pos	_	_	_	@tim1991f-words#@tim1991f#1654.12#1654.432
12	же	же	PART	_	_	_	_	_	@tim1991f-words#@tim1991f#1654.432#1654.744
13	ещё	еще	ADV	_	Degree=Pos	_	_	_	@tim1991f-words#@tim1991f#1654.744#1655.056
14	и	и	PART	_	_	_	_	_	@tim1991f-words#@tim1991f#1655.056#1655.368
15	ревновал	ревновать	VERB	_	Aspect=Imp|Gender=Masc|Mood=Ind|Number=Sing|Tense=Past|VerbForm=Fin|Voice=Act	_	_	_	@tim1991f-words#@tim1991f#1655.368#1655.68
16	и	и	CCONJ	_	_	_	_	_	@tim1991f-words#@tim1991f#1655.68#1655.992
17	всё	весь	DET	_	Case=Nom|Gender=Neut|Number=Sing	_	_	_	@tim1991f-words#@tim1991f#1655.992#1656.304
18	это	это	PRON	_	Animacy=Inan|Case=Nom|Gender=Neut|Number=Sing	_	_	_	@tim1991f-words#@tim1991f#1656.304#1656.616
19	между	между	ADP	_	_	_	_	_	@tim1991f-words#@tim1991f#1656.616#1656.928
20	собой	себя	PRON	_	Case=Ins	_	_	_	@tim1991f-words#@tim1991f#1656.928#1657.24
21	не	не	PART	_	_	_	_	_	@tim1991f-words#@tim1991f#1657.24#1657.552
22	сочеталось	сочетаться	VERB	_	Aspect=Imp|Gender=Neut|Mood=Ind|Number=Sing|Tense=Past|VerbForm=Fin|Voice=Mid	_	_	_	@tim1991f-words#@tim1991f#1657.552#1657.878
23	это	это	PRON	_	Animacy=Inan|Case=Nom|Gender=Neut|Number=Sing	_	_	_	@tim1991f-words#@tim1991f#1658.07#1658.369
24	так	так	ADV	_	Degree=Pos	_	_	_	@tim1991f-words#@tim1991f#1658.369#1658.668
25	?	?	PUNCT	_	_	_	_	_	@tim1991f-words#@tim1991f#1658.668#1658.969
26	ммм	мм	NOUN	_	Animacy=Inan|Case=Nom|Gender=Masc|Number=Sing	_	_	_	@tim1991f-words#@tim1991f#1684.0#1684.375
27	да	да	CCONJ	_	_	_	_	_	@tim1991f-words#@tim1991f#1739.3#1740.0
28	следующая	следующий	ADJ	_	Case=Nom|Degree=Pos|Gender=Fem|Number=Sing	_	_	_	@tim1991f-words#@tim1991f#1742.257#1742.561
29	твоя	твой	DET	_	Case=Nom|Gender=Fem|Number=Sing	_	_	_	@tim1991f-words#@tim1991f#1742.561#1742.865
30	цитата	цитата	NOUN	_	Animacy=Inan|Case=Nom|Gender=Fem|Number=Sing	_	_	_	@tim1991f-words#@tim1991f#1742.865#1743.169
31	/	/	PUNCT	_	_	_	_	_	@tim1991f-words#@tim1991f#1743.169#1743.473
32	ты	ты	PRON	_	Case=Nom|Number=Sing|Person=2	_	_	_	@tim1991f-words#@tim1991f#1743.473#1743.777
33	да...давала	да...давать	VERB	_	Aspect=Imp|Gender=Fem|Mood=Ind|Number=Sing|Tense=Past|VerbForm=Fin|Voice=Act	_	_	_	@tim1991f-words#@tim1991f#1743.777#1744.081
34	интервью	интервью	NOUN	_	Animacy=Inan|Case=Acc|Gender=Neut|Number=Sing	_	_	_	@tim1991f-words#@tim1991f#1744.081#1744.385
35	насчёт	наскать	VERB	_	Aspect=Imp|Mood=Ind|Number=Sing|Person=3|Tense=Pres|VerbForm=Fin|Voice=Act	_	_	_	@tim1991f-words#@tim1991f#1744.385#1744.689
36	старта	старт	NOUN	_	Animacy=Inan|Case=Gen|Gender=Masc|Number=Sing	_	_	_	@tim1991f-words#@tim1991f#1744.689#1744.993
37	своего	свой	DET	_	Case=Gen|Gender=Masc|Number=Sing	_	_	_	@tim1991f-words#@tim1991f#1744.993#1745.297
38	проекта	проект	NOUN	_	Animacy=Inan|Case=Gen|Gender=Masc|Number=Sing	_	_	_	@tim1991f-words#@tim1991f#1745.297#1745.601
39	/	/	PUNCT	_	_	_	_	_	@tim1991f-words#@tim1991f#1745.601#1745.905
40	тогда	тогда	ADV	_	Degree=Pos	_	_	_	@tim1991f-words#@tim1991f#1745.905#1746.209
41	вы	вы	PRON	_	Case=Nom|Number=Plur|Person=2	_	_	_	@tim1991f-words#@tim1991f#1746.209#1746.513
42	ещё	еще	ADV	_	Degree=Pos	_	_	_	@tim1991f-words#@tim1991f#1746.513#1746.817
43	по-моему	по-моему	ADV	_	Degree=Pos	_	_	_	@tim1991f-words#@tim1991f#1746.817#1747.121
44	были	быть	AUX	_	Aspect=Imp|Mood=Ind|Number=Plur|Tense=Past|VerbForm=Fin|Voice=Act	_	_	_	@tim1991f-words#@tim1991f#1747.121#1747.425
45	вместе	вместе	ADV	_	Degree=Pos	_	_	_	@tim1991f-words#@tim1991f#1747.425#1747.729
46	это	это	PRON	_	Animacy=Inan|Case=Nom|Gender=Neut|Number=Sing	_	_	_	@tim1991f-words#@tim1991f#1747.729#1748.033
47	прям	пре	NOUN	_	Animacy=Anim|Case=Dat|Gender=Masc|Number=Plur	_	_	_	@tim1991f-words#@tim1991f#1748.033#1748.337
48	вот	вот	PART	_	_	_	_	_	@tim1991f-words#@tim1991f#1748.337#1748.641
49	первые-первые	первые-первый	ADV	_	Degree=Pos	_	_	_	@tim1991f-words#@tim1991f#1748.641#1748.945
50	твои	твой	DET	_	Case=Nom|Number=Plur	_	_	_	@tim1991f-words#@tim1991f#1748.945#1749.249
51	такие	такой	DET	_	Case=Nom|Number=Plur	_	_	_	@tim1991f-words#@tim1991f#1749.249#1749.553
52	интервью	интервью	NOUN	_	Animacy=Inan|Case=Nom|Gender=Neut|Number=Plur	_	_	_	@tim1991f-words#@tim1991f#1749.553#1749.857
53	/	/	PUNCT	_	_	_	_	_	@tim1991f-words#@tim1991f#1749.857#1750.161
54	муж	муж	NOUN	_	Animacy=Anim|Case=Nom|Gender=Masc|Number=Sing	_	_	_	@tim1991f-words#@tim1991f#1750.161#1750.465
55	был	быть	AUX	_	Aspect=Imp|Gender=Masc|Mood=Ind|Number=Sing|Tense=Past|VerbForm=Fin|Voice=Act	_	_	_	@tim1991f-words#@tim1991f#1750.465#1750.769
56	против	против	ADP	_	_	_	_	_	@tim1991f-words#@tim1991f#1750.769#1751.073
57	он	он	PRON	_	Case=Nom|Gender=Masc|Number=Sing|Person=3	_	_	_	@tim1991f-words#@tim1991f#1751.073#1751.377
58	говорил	говорить	VERB	_	Aspect=Imp|Gender=Masc|Mood=Ind|Number=Sing|Tense=Past|VerbForm=Fin|Voice=Act	_	_	_	@tim1991f-words#@tim1991f#1751.377#1751.681
59	не	не	PART	_	_	_	_	_	@tim1991f-words#@tim1991f#1751.681#1751.985
60	хочу	хотеть	VERB	_	Aspect=Imp|Mood=Ind|Number=Sing|Person=1|Tense=Pres|VerbForm=Fin|Voice=Act	_	_	_	@tim1991f-words#@tim1991f#1751.985#1752.289
61	слышать	слышать	VERB	_	Aspect=Imp|VerbForm=Inf|Voice=Act	_	_	_	@tim1991f-words#@tim1991f#1752.289#1752.593
62	не	не	PART	_	_	_	_	_	@tim1991f-words#@tim1991f#1752.593#1752.897
63	хочу	хотеть	VERB	_	Aspect=Imp|Mood=Ind|Number=Sing|Person=1|Tense=Pres|VerbForm=Fin|Voice=Act	_	_	_	@tim1991f-words#@tim1991f#1752.897#1753.201
64	видеть	видеть	VERB	_	Aspect=Imp|VerbForm=Inf|Voice=Act	_	_	_	@tim1991f-words#@tim1991f#1753.201#1753.505
65	уходи	уходить	VERB	_	Aspect=Perf|Mood=Imp|Number=Sing|Person=2|VerbForm=Fin|Voice=Act	_	_	_	@tim1991f-words#@tim1991f#1753.505#1753.809
66	/	/	PUNCT	_	_	_	_	_	@tim1991f-words#@tim1991f#1753.809#1754.113
67	отдельно	отдельно	ADV	_	Degree=Pos	_	_	_	@tim1991f-words#@tim1991f#1754.113#1754.417
68	где-то	где-то	ADV	_	Degree=Pos	_	_	_	@tim1991f-words#@tim1991f#1754.417#1754.721
69	делай	делать	VERB	_	Aspect=Imp|Mood=Imp|Number=Sing|Person=2|VerbForm=Fin|Voice=Act	_	_	_	@tim1991f-words#@tim1991f#1754.721#1755.025
70	ты	ты	PRON	_	Case=Nom|Number=Sing|Person=2	_	_	_	@tim1991f-words#@tim1991f#1755.025#1755.329
71	вообще	вообще	ADV	_	Degree=Pos	_	_	_	@tim1991f-words#@tim1991f#1755.329#1755.633
72	понимаешь	понимать	VERB	_	Aspect=Imp|Mood=Ind|Number=Sing|Person=2|Tense=Pres|VerbForm=Fin|Voice=Act	_	_	_	@tim1991f-words#@tim1991f#1755.633#1755.937
73	что	что	PRON	_	Case=Acc	_	_	_	@tim1991f-words#@tim1991f#1755.937#1756.241
74	гастроли	гастроть	VERB	_	Aspect=Perf|Mood=Ind|Number=Plur|Tense=Past|VerbForm=Fin|Voice=Act	_	_	_	@tim1991f-words#@tim1991f#1756.241#1756.545
75	что	что	SCONJ	_	_	_	_	_	@tim1991f-words#@tim1991f#1756.545#1756.849
76	сын	сын	NOUN	_	Animacy=Anim|Case=Nom|Gender=Masc|Number=Sing	_	_	_	@tim1991f-words#@tim1991f#1756.849#1757.153
77	/	/	PUNCT	_	_	_	_	_	@tim1991f-words#@tim1991f#1757.153#1757.457
78	что	что	SCONJ	_	_	_	_	_	@tim1991f-words#@tim1991f#1757.457#1757.761
79	ты	ты	PRON	_	Case=Nom|Number=Sing|Person=2	_	_	_	@tim1991f-words#@tim1991f#1757.761#1758.065
80	себе	себя	PRON	_	Case=Dat	_	_	_	@tim1991f-words#@tim1991f#1758.065#1758.369
81	придумала	придумать	VERB	_	Aspect=Perf|Gender=Fem|Mood=Ind|Number=Sing|Tense=Past|VerbForm=Fin|Voice=Act	_	_	_	@tim1991f-words#@tim1991f#1758.369#1758.673
82	ты	ты	PRON	_	Case=Nom|Number=Sing|Person=2	_	_	_	@tim1991f-words#@tim1991f#1758.673#1758.977
83	же	же	PART	_	_	_	_	_	@tim1991f-words#@tim1991f#1758.977#1759.281
84	ведь	ведь	PART	_	_	_	_	_	@tim1991f-words#@tim1991f#1759.281#1759.585
85	фотографировала	фотографировать	VERB	_	Aspect=Imp|Gender=Fem|Mood=Ind|Number=Sing|Tense=Past|VerbForm=Fin|Voice=Act	_	_	_	@tim1991f-words#@tim1991f#1759.585#1759.889
86	фотографом	фотограф	NOUN	_	Animacy=Inan|Case=Ins|Gender=Masc|Number=Sing	_	_	_	@tim1991f-words#@tim1991f#1759.889#1760.193
87	была	быть	AUX	_	Aspect=Imp|Gender=Fem|Mood=Ind|Number=Sing|Tense=Past|VerbForm=Fin|Voice=Act	_	_	_	@tim1991f-words#@tim1991f#1760.193#1760.497
88	месяц	месяц	NOUN	_	Animacy=Inan|Case=Nom|Gender=Masc|Number=Sing	_	_	_	@tim1991f-words#@tim1991f#1760.497#1760.801
89	пройдёт	пройдёть	VERB	_	Aspect=Perf|Mood=Ind|Number=Sing|Person=3|Tense=Fut|VerbForm=Fin|Voice=Act	_	_	_	@tim1991f-words#@tim1991f#1760.801#1761.105
90	ты	ты	PRON	_	Case=Nom|Number=Sing|Person=2	_	_	_	@tim1991f-words#@tim1991f#1761.105#1761.409
91	опять	опять	ADV	_	Degree=Pos	_	_	_	@tim1991f-words#@tim1991f#1761.409#1761.713
92	переключишься	переключиться	VERB	_	Aspect=Imp|Mood=Ind|Number=Sing|Person=2|Tense=Pres|VerbForm=Fin|Voice=Mid	_	_	_	@tim1991f-words#@tim1991f#1761.713#1762.017
93	/	/	PUNCT	_	_	_	_	_	@tim1991f-words#@tim1991f#1762.017#1762.321
94	и	и	CCONJ	_	_	_	_	_	@tim1991f-words#@tim1991f#1762.321#1762.625
95	я	я	PRON	_	Case=Nom|Number=Sing|Person=1	_	_	_	@tim1991f-words#@tim1991f#1762.625#1762.929
96	к	к	ADP	_	_	_	_	_	@tim1991f-words#@tim1991f#1762.929#1763.233
97	тому	то	PRON	_	Animacy=Inan|Case=Dat|Gender=Neut|Number=Sing	_	_	_	@tim1991f-words#@tim1991f#1763.233#1763.537
98	что	что	SCONJ	_	_	_	_	_	@tim1991f-words#@tim1991f#1763.537#1763.841
99	мне	я	PRON	_	Case=Dat|Number=Sing|Person=1	_	_	_	@tim1991f-words#@tim1991f#1763.841#1764.145
100	кажется	казаться	VERB	_	Aspect=Imp|Mood=Ind|Number=Sing|Person=3|Tense=Pres|VerbForm=Fin|Voice=Mid	_	_	_	@tim1991f-words#@tim1991f#1764.145#1764.449
101	что	что	SCONJ	_	_	_	_	_	@tim1991f-words#@tim1991f#1764.449#1764.753
102	этот	этот	DET	_	Case=Nom|Gender=Masc|Number=Sing	_	_	_	@tim1991f-words#@tim1991f#1764.753#1765.057
103	посыл	посыл	VERB	_	Aspect=Perf|Gender=Masc|Mood=Ind|Number=Sing|Tense=Past|VerbForm=Fin|Voice=Act	_	_	_	@tim1991f-words#@tim1991f#1765.057#1765.361
104	он	он	PRON	_	Case=Nom|Gender=Masc|Number=Sing|Person=3	_	_	_	@tim1991f-words#@tim1991f#1765.361#1765.665
105	такой	такой	DET	_	Case=Nom|Gender=Masc|Number=Sing	_	_	_	@tim1991f-words#@tim1991f#1765.665#1765.969
106	немного	немного	ADV	_	Degree=Pos	_	_	_	@tim1991f-words#@tim1991f#1765.969#1766.273
107	сексистский	сексистский	ADJ	_	Case=Nom|Degree=Pos|Gender=Masc|Number=Sing	_	_	_	@tim1991f-words#@tim1991f#1766.273#1766.577
108	как	как	SCONJ	_	_	_	_	_	@tim1991f-words#@tim1991f#1766.577#1766.881
109	раз	раз	NOUN	_	Animacy=Inan|Case=Acc|Gender=Masc|Number=Sing	_	_	_	@tim1991f-words#@tim1991f#1766.881#1767.185
110	когда	когда	SCONJ	_	_	_	_	_	@tim1991f-words#@tim1991f#1767.185#1767.489
111	женщина	женщина	NOUN	_	Animacy=Anim|Case=Nom|Gender=Fem|Number=Sing	_	_	_	@tim1991f-words#@tim1991f#1767.489#1767.793
112	/	/	PUNCT	_	_	_	_	_	@tim1991f-words#@tim1991f#1767.793#1768.097
113	якобы	якобы	ADV	_	Degree=Pos	_	_	_	@tim1991f-words#@tim1991f#1768.097#1768.401
114	не	не	PART	_	_	_	_	_	@tim1991f-words#@tim1991f#1768.401#1768.705
115	может	мочь	VERB	_	Aspect=Imp|Mood=Ind|Number=Sing|Person=3|Tense=Pres|VerbForm=Fin|Voice=Act	_	_	_	@tim1991f-words#@tim1991f#1768.705#1769.009
116	сочетать	сочетать	VERB	_	Aspect=Imp|VerbForm=Inf|Voice=Act	_	_	_	@tim1991f-words#@tim1991f#1769.009#1769.313
117	/	/	PUNCT	_	_	_	_	_	@tim1991f-words#@tim1991f#1769.313#1769.617
118	и	и	CCONJ	_	_	_	_	_	@tim1991f-words#@tim1991f#1769.617#1769.921
119	сын	сын	NOUN	_	Animacy=Anim|Case=Nom|Gender=Masc|Number=Sing	_	_	_	@tim1991f-words#@tim1991f#1769.921#1770.225
120	и	и	CCONJ	_	_	_	_	_	@tim1991f-words#@tim1991f#1770.225#1770.529
121	гастроли	гастроль	NOUN	_	Animacy=Inan|Case=Acc|Gender=Fem|Number=Plur	_	_	_	@tim1991f-words#@tim1991f#1770.529#1770.833
122	и	и	CCONJ	_	_	_	_	_	@tim1991f-words#@tim1991f#1770.833#1771.137
123	тут	тут	ADV	_	Degree=Pos	_	_	_	@tim1991f-words#@tim1991f#1771.137#1771.441
124	же	же	PART	_	_	_	_	_	@tim1991f-words#@tim1991f#1771.441#1771.745
125	ещё	еще	ADV	_	Degree=Pos	_	_	_	@tim1991f-words#@tim1991f#1771.745#1772.049
126	и	и	PART	_	_	_	_	_	@tim1991f-words#@tim1991f#1772.049#1772.353
127	песни	песня	NOUN	_	Animacy=Inan|Case=Gen|Gender=Fem|Number=Sing	_	_	_	@tim1991f-words#@tim1991f#1772.353#1772.657
128	ещё	еще	ADV	_	Degree=Pos	_	_	_	@tim1991f-words#@tim1991f#1772.657#1772.961
129	и	и	PART	_	_	_	_	_	@tim1991f-words#@tim1991f#1772.961#1773.265
130	муж	муж	NOUN	_	Animacy=Anim|Case=Nom|Gender=Masc|Number=Sing	_	_	_	@tim1991f-words#@tim1991f#1773.265#1773.662
131	как	как	SCONJ	_	_	_	_	_	@tim1991f-words#@tim1991f#1773.813#1774.195
132	вот	вот	PART	_	_	_	_	_	@tim1991f-words#@tim1991f#1774.195#1774.577
133	тебе	ты	PRON	_	Case=Dat|Number=Sing|Person=2	_	_	_	@tim1991f-words#@tim1991f#1774.577#1774.959
134	эт...это	эт...это	PRON	_	Animacy=Inan|Case=Acc|Gender=Neut|Number=Sing	_	_	_	@tim1991f-words#@tim1991f#1774.959#1775.341
135	удавалось	удаваться	VERB	_	Aspect=Imp|Gender=Neut|Mood=Ind|Number=Sing|Tense=Past|VerbForm=Fin|Voice=Mid	_	_	_	@tim1991f-words#@tim1991f#1775.341#1775.723
136	и	и	CCONJ	_	_	_	_	_	@tim1991f-words#@tim1991f#1775.723#1776.105
137	как	как	ADV	_	Degree=Pos	_	_	_	@tim1991f-words#@tim1991f#1776.105#1776.487
138	вы	вы	PRON	_	Case=Nom|Number=Plur|Person=2	_	_	_	@tim1991f-words#@tim1991f#1776.487#1776.869
139	разруливали	разруливать	VERB	_	Aspect=Imp|Mood=Ind|Number=Plur|Tense=Past|VerbForm=Fin|Voice=Act	_	_	_	@tim1991f-words#@tim1991f#1776.869#1777.251
140	такие	такой	DET	_	Case=Nom|Number=Plur	_	_	_	@tim1991f-words#@tim1991f#1777.251#1777.633
141	/	/	PUNCT	_	_	_	_	_	@tim1991f-words#@tim1991f#1777.633#1778.015
142	сложности	сложность	NOUN	_	Animacy=Inan|Case=Nom|Gender=Fem|Number=Plur	_	_	_	@tim1991f-words#@tim1991f#1778.015#1778.4
143	переключалась	переключаться	VERB	_	Aspect=Imp|Gender=Fem|Mood=Ind|Number=Sing|Tense=Past|VerbForm=Fin|Voice=Pass	_	_	_	@tim1991f-words#@tim1991f#1816.334#1816.867
144	да	да	PART	_	_	_	_	_	@tim1991f-words#@tim1991f#1816.867#1817.4
145	да	да	PART	_	_	_	_	_	@kvg1990f-words#@kvg1990f#1659.2#1659.559
146	я	я	PRON	_	Case=Nom|Number=Sing|Person=1	_	_	_	@kvg1990f-words#@kvg1990f#1659.559#1659.919
147	думаю	думать	VERB	_	Aspect=Imp|Mood=Ind|Number=Sing|Person=1|Tense=Pres|VerbForm=Fin|Voice=Act	_	_	_	@kvg1990f-words#@kvg1990f#1659.919#1660.279
148	что	что	SCONJ	_	_	_	_	_	@kvg1990f-words#@kvg1990f#1660.279#1660.639
149	ну	ну	PART	_	_	_	_	_	@kvg1990f-words#@kvg1990f#1661.405#1661.66
150	/	/	PUNCT	_	_	_	_	_	@kvg1990f-words#@kvg1990f#1661.66#1661.915
151	не	не	PART	_	_	_	_	_	@kvg1990f-words#@kvg1990f#1661.915#1662.17
152	думаю	думать	VERB	_	Aspect=Imp|Mood=Ind|Number=Sing|Person=1|Tense=Pres|VerbForm=Fin|Voice=Act	_	_	_	@kvg1990f-words#@kvg1990f#1662.17#1662.425
153	а	а	CCONJ	_	_	_	_	_	@kvg1990f-words#@kvg1990f#1662.425#1662.68
154	мы	мы	PRON	_	Case=Nom|Number=Plur|Person=1	_	_	_	@kvg1990f-words#@kvg1990f#1662.68#1662.935
155	с	с	ADP	_	_	_	_	_	@kvg1990f-words#@kvg1990f#1662.935#1663.191
156	ним	он	PRON	_	Case=Ins|Gender=Masc|Number=Sing|Person=3	_	_	_	@kvg1990f-words#@kvg1990f#1663.191#1663.446
157	говорили	говорить	VERB	_	Aspect=Imp|Mood=Ind|Number=Plur|Tense=Past|VerbForm=Fin|Voice=Act	_	_	_	@kvg1990f-words#@kvg1990f#1663.446#1663.701
158	после	после	ADP	_	_	_	_	_	@kvg1990f-words#@kvg1990f#1663.701#1663.956
159	на	на	ADP	_	_	_	_	_	@kvg1990f-words#@kvg1990f#1663.956#1664.211
160	эту	этот	DET	_	Case=Acc|Gender=Fem|Number=Sing	_	_	_	@kvg1990f-words#@kvg1990f#1664.211#1664.466
161	тему	тема	NOUN	_	Animacy=Inan|Case=Acc|Gender=Fem|Number=Sing	_	_	_	@kvg1990f-words#@kvg1990f#1664.466#1664.722
162	он	он	PRON	_	Case=Nom|Gender=Masc|Number=Sing|Person=3	_	_	_	@kvg1990f-words#@kvg1990f#1664.923#1665.279
163	так	так	ADV	_	Degree=Pos	_	_	_	@kvg1990f-words#@kvg1990f#1665.279#1665.636
164	и	и	PART	_	_	_	_	_	@kvg1990f-words#@kvg1990f#1665.636#1665.993
165	говорил	говорить	VERB	_	Aspect=Imp|Gender=Masc|Mood=Ind|Number=Sing|Tense=Past|VerbForm=Fin|Voice=Act	_	_	_	@kvg1990f-words#@kvg1990f#1665.993#1666.349
166	да	да	ADP	_	_	_	_	_	@kvg1990f-words#@kvg1990f#1666.349#1666.706
167	я	я	PRON	_	Case=Nom|Number=Sing|Person=1	_	_	_	@kvg1990f-words#@kvg1990f#1666.706#1667.063
168	многое	многое	NOUN	_	Animacy=Inan|Case=Acc|Gender=Neut|Number=Sing	_	_	_	@kvg1990f-words#@kvg1990f#1667.063#1667.42
169	/	/	PUNCT	_	_	_	_	_	@kvg1990f-words#@kvg1990f#1667.42#1667.776
170	ну	ну	PART	_	_	_	_	_	@kvg1990f-words#@kvg1990f#1667.776#1668.133
171	/	/	PUNCT	_	_	_	_	_	@kvg1990f-words#@kvg1990f#1668.133#1668.49
172	да	да	PART	_	_	_	_	_	@kvg1990f-words#@kvg1990f#1668.49#1668.847
173	это	это	PRON	_	Animacy=Inan|Case=Nom|Gender=Neut|Number=Sing	_	_	_	@kvg1990f-words#@kvg1990f#1668.847#1669.203
174	точно	точно	ADV	_	Degree=Pos	_	_	_	@kvg1990f-words#@kvg1990f#1669.203#1669.56
175	что	что	SCONJ	_	_	_	_	_	@kvg1990f-words#@kvg1990f#1669.56#1669.917
176	многим	много	NUM	_	_	_	_	_	@kvg1990f-words#@kvg1990f#1669.917#1670.274
177	женщинам	женщина	NOUN	_	Animacy=Anim|Case=Dat|Gender=Fem|Number=Plur	_	_	_	@kvg1990f-words#@kvg1990f#1670.274#1670.63
178	это	это	PRON	_	Animacy=Inan|Case=Nom|Gender=Neut|Number=Sing	_	_	_	@kvg1990f-words#@kvg1990f#1670.63#1670.987
179	понятно	понятный	ADJ	_	Degree=Pos|Gender=Neut|Number=Sing|Variant=Short	_	_	_	@kvg1990f-words#@kvg1990f#1670.987#1671.344
180	не	не	PART	_	_	_	_	_	@kvg1990f-words#@kvg1990f#1671.344#1671.701
181	только	только	PART	_	_	_	_	_	@kvg1990f-words#@kvg1990f#1671.701#1672.057
182	женщинам	женщина	NOUN	_	Animacy=Anim|Case=Dat|Gender=Fem|Number=Plur	_	_	_	@kvg1990f-words#@kvg1990f#1672.057#1672.414
183	это	это	PRON	_	Animacy=Inan|Case=Nom|Gender=Neut|Number=Sing	_	_	_	@kvg1990f-words#@kvg1990f#1672.414#1672.771
184	/	/	PUNCT	_	_	_	_	_	@kvg1990f-words#@kvg1990f#1672.771#1673.128
185	это	это	PRON	_	Animacy=Inan|Case=Nom|Gender=Neut|Number=Sing	_	_	_	@kvg1990f-words#@kvg1990f#1673.128#1673.484
186	когда	когда	SCONJ	_	_	_	_	_	@kvg1990f-words#@kvg1990f#1673.484#1673.841
187	изначально	изначально	ADV	_	Degree=Pos	_	_	_	@kvg1990f-words#@kvg1990f#1673.841#1674.198
188	отношения	отношение	NOUN	_	Animacy=Inan|Case=Nom|Gender=Neut|Number=Plur	_	_	_	@kvg1990f-words#@kvg1990f#1674.198#1674.555
189	завязываются	завязываться	VERB	_	Aspect=Imp|Mood=Ind|Number=Plur|Person=3|Tense=Pres|VerbForm=Fin|Voice=Mid	_	_	_	@kvg1990f-words#@kvg1990f#1674.555#1674.911
190	не	не	PART	_	_	_	_	_	@kvg1990f-words#@kvg1990f#1674.911#1675.268
191	на	на	ADP	_	_	_	_	_	@kvg1990f-words#@kvg1990f#1675.268#1675.625
192	той	тот	DET	_	Case=Loc|Gender=Fem|Number=Sing	_	_	_	@kvg1990f-words#@kvg1990f#1675.625#1675.982
193	нотке	нотка	NOUN	_	Animacy=Inan|Case=Loc|Gender=Fem|Number=Sing	_	_	_	@kvg1990f-words#@kvg1990f#1675.982#1676.338
194	/	/	PUNCT	_	_	_	_	_	@kvg1990f-words#@kvg1990f#1676.338#1676.695
195	либо	либо	CCONJ	_	_	_	_	_	@kvg1990f-words#@kvg1990f#1676.695#1677.052
196	нет	нет	VERB	_	Aspect=Imp|Mood=Ind|Number=Sing|Person=3|Tense=Pres|VerbForm=Fin|Voice=Act	_	_	_	@kvg1990f-words#@kvg1990f#1677.052#1677.409
197	опыта	опыт	NOUN	_	Animacy=Inan|Case=Gen|Gender=Masc|Number=Sing	_	_	_	@kvg1990f-words#@kvg1990f#1677.409#1677.765
198	/	/	PUNCT	_	_	_	_	_	@kvg1990f-words#@kvg1990f#1677.765#1678.122
199	либо	либо	CCONJ	_	_	_	_	_	@kvg1990f-words#@kvg1990f#1678.122#1678.479
200	вот	вот	PART	_	_	_	_	_	@kvg1990f-words#@kvg1990f#1678.479#1678.836
201	как-то	как-то	ADV	_	Degree=Pos	_	_	_	@kvg1990f-words#@kvg1990f#1680.1#1680.421
202	так	так	ADV	_	Degree=Pos	_	_	_	@kvg1990f-words#@kvg1990f#1680.421#1680.743
203	совпало	совпасть	VERB	_	Aspect=Imp|Gender=Neut|Mood=Ind|Number=Sing|Tense=Past|VerbForm=Fin|Voice=Act	_	_	_	@kvg1990f-words#@kvg1990f#1680.743#1681.065
204	/	/	PUNCT	_	_	_	_	_	@kvg1990f-words#@kvg1990f#1681.065#1681.387
205	тут	тут	ADV	_	Degree=Pos	_	_	_	@kvg1990f-words#@kvg1990f#1681.387#1681.709
206	я	я	PRON	_	Case=Nom|Number=Sing|Person=1	_	_	_	@kvg1990f-words#@kvg1990f#1681.709#1682.03
207	уже	уже	ADV	_	Degree=Pos	_	_	_	@kvg1990f-words#@kvg1990f#1682.03#1682.352
208	тоже	тоже	PART	_	_	_	_	_	@kvg1990f-words#@kvg1990f#1682.352#1682.674
209	/	/	PUNCT	_	_	_	_	_	@kvg1990f-words#@kvg1990f#1682.674#1682.996
210	не	не	PART	_	_	_	_	_	@kvg1990f-words#@kvg1990f#1682.996#1683.318
211	могу	мочь	VERB	_	Aspect=Imp|Mood=Ind|Number=Sing|Person=1|Tense=Pres|VerbForm=Fin|Voice=Act	_	_	_	@kvg1990f-words#@kvg1990f#1683.318#1683.64
212	до	до	ADP	_	_	_	_	_	@kvg1990f-words#@kvg1990f#1684.833#1685.128
213	конца	конец	NOUN	_	Animacy=Inan|Case=Gen|Gender=Masc|Number=Sing	_	_	_	@kvg1990f-words#@kvg1990f#1685.128#1685.423
214	да	да	PART	_	_	_	_	_	@kvg1990f-words#@kvg1990f#1685.423#1685.719
215	за	за	ADP	_	_	_	_	_	@kvg1990f-words#@kvg1990f#1685.719#1686.014
216	всех	все	DET	_	Case=Acc|Number=Plur	_	_	_	@kvg1990f-words#@kvg1990f#1686.014#1686.309
217	ответить	ответить	VERB	_	Aspect=Perf|VerbForm=Inf|Voice=Act	_	_	_	@kvg1990f-words#@kvg1990f#1686.309#1686.605
218	но	но	CCONJ	_	_	_	_	_	@kvg1990f-words#@kvg1990f#1686.972#1687.459
219	вот	вот	PART	_	_	_	_	_	@kvg1990f-words#@kvg1990f#1687.459#1687.946
220	этот	этот	DET	_	Case=Acc|Gender=Masc|Number=Sing	_	_	_	@kvg1990f-words#@kvg1990f#1687.946#1688.433
221	момент	момент	NOUN	_	Animacy=Inan|Case=Acc|Gender=Masc|Number=Sing	_	_	_	@kvg1990f-words#@kvg1990f#1688.433#1688.921
222	/	/	PUNCT	_	_	_	_	_	@kvg1990f-words#@kvg1990f#1688.921#1689.408
223	что	что	PRON	_	Case=Nom	_	_	_	@kvg1990f-words#@kvg1990f#1689.408#1689.895
224	/	/	PUNCT	_	_	_	_	_	@kvg1990f-words#@kvg1990f#1689.895#1690.383
225	очень	очень	ADV	_	Degree=Pos	_	_	_	@kvg1990f-words#@kvg1990f#1690.383#1690.87
226	важно	важный	ADJ	_	Degree=Pos|Gender=Neut|Number=Sing|Variant=Short	_	_	_	@kvg1990f-words#@kvg1990f#1690.87#1691.357
227	избегать	избегать	VERB	_	Aspect=Imp|VerbForm=Inf|Voice=Act	_	_	_	@kvg1990f-words#@kvg1990f#1691.357#1691.844
228	/	/	PUNCT	_	_	_	_	_	@kvg1990f-words#@kvg1990f#1691.844#1692.332
229	того	тот	DET	_	Case=Acc|Gender=Masc|Number=Sing	_	_	_	@kvg1990f-words#@kvg1990f#1692.332#1692.819
230	что	что	PRON	_	Case=Acc	_	_	_	@kvg1990f-words#@kvg1990f#1692.819#1693.306
231	кто-то	кто-то	PRON	_	Case=Nom	_	_	_	@kvg1990f-words#@kvg1990f#1693.306#1693.794
232	кому-то	кто-то	PRON	_	Case=Dat	_	_	_	@kvg1990f-words#@kvg1990f#1693.794#1694.281
233	что-то	что-то	PRON	_	Case=Acc	_	_	_	@kvg1990f-words#@kvg1990f#1694.281#1694.768
234	должен	должен	ADJ	_	Degree=Pos|Gender=Masc|Number=Sing|Variant=Short	_	_	_	@kvg1990f-words#@kvg1990f#1694.768#1695.256
235	у	у	ADP	_	_	_	_	_	@kvg1990f-words#@kvg1990f#1695.965#1696.28
236	меня	я	PRON	_	Case=Gen|Number=Sing|Person=1	_	_	_	@kvg1990f-words#@kvg1990f#1696.28#1696.595
237	были	быть	AUX	_	Aspect=Imp|Mood=Ind|Number=Plur|Tense=Past|VerbForm=Fin|Voice=Act	_	_	_	@kvg1990f-words#@kvg1990f#1696.595#1696.91
238	/	/	PUNCT	_	_	_	_	_	@kvg1990f-words#@kvg1990f#1696.91#1697.225
239	точно	точно	ADV	_	Degree=Pos	_	_	_	@kvg1990f-words#@kvg1990f#1697.225#1697.54
240	такие	такой	DET	_	Case=Acc|Number=Plur	_	_	_	@kvg1990f-words#@kvg1990f#1697.54#1697.855
241	же	же	PART	_	_	_	_	_	@kvg1990f-words#@kvg1990f#1697.855#1698.17
242	миллион	миллион	NOUN	_	Animacy=Inan|Case=Acc|Gender=Masc|Number=Sing	_	_	_	@kvg1990f-words#@kvg1990f#1698.17#1698.485
243	претензий	претензия	NOUN	_	Animacy=Inan|Case=Gen|Gender=Fem|Number=Plur	_	_	_	@kvg1990f-words#@kvg1990f#1698.485#1698.8
244	то	то	PRON	_	Animacy=Inan|Case=Nom|Gender=Neut|Number=Sing	_	_	_	@kvg1990f-words#@kvg1990f#1699.536#1699.939
245	есть	быть	VERB	_	Aspect=Imp|Mood=Ind|Number=Sing|Person=3|Tense=Pres|VerbForm=Fin|Voice=Act	_	_	_	@kvg1990f-words#@kvg1990f#1699.939#1700.343
246	/	/	PUNCT	_	_	_	_	_	@kvg1990f-words#@kvg1990f#1700.343#1700.747
247	для	для	ADP	_	_	_	_	_	@kvg1990f-words#@kvg1990f#1700.747#1701.15
248	меня	я	PRON	_	Case=Gen|Number=Sing|Person=1	_	_	_	@kvg1990f-words#@kvg1990f#1701.15#1701.554
249	это	это	PRON	_	Animacy=Inan|Case=Nom|Gender=Neut|Number=Sing	_	_	_	@kvg1990f-words#@kvg1990f#1701.554#1701.958
250	стало	стать	VERB	_	Aspect=Perf|Gender=Neut|Mood=Ind|Number=Sing|Tense=Past|VerbForm=Fin|Voice=Mid	_	_	_	@kvg1990f-words#@kvg1990f#1701.958#1702.361
251	огромным	огромный	ADJ	_	Case=Ins|Degree=Pos|Gender=Masc|Number=Sing	_	_	_	@kvg1990f-words#@kvg1990f#1702.361#1702.765
252	уроком	урок	NOUN	_	Animacy=Inan|Case=Ins|Gender=Masc|Number=Sing	_	_	_	@kvg1990f-words#@kvg1990f#1702.765#1703.169
253	и	и	CCONJ	_	_	_	_	_	@kvg1990f-words#@kvg1990f#1703.169#1703.572
254	я	я	PRON	_	Case=Nom|Number=Sing|Person=1	_	_	_	@kvg1990f-words#@kvg1990f#1703.572#1703.976
255	ээ	ээ	NOUN	_	Animacy=Inan|Case=Nom|Gender=Neut|Number=Sing	_	_	_	@kvg1990f-words#@kvg1990f#1703.976#1704.38
256	из	из	ADP	_	_	_	_	_	@kvg1990f-words#@kvg1990f#1705.539#1705.905
257	того	то	PRON	_	Animacy=Inan|Case=Gen|Gender=Neut|Number=Sing	_	_	_	@kvg1990f-words#@kvg1990f#1705.905#1706.271
258	что	что	SCONJ	_	_	_	_	_	@kvg1990f-words#@kvg1990f#1706.271#1706.637
259	я	я	PRON	_	Case=Nom|Number=Sing|Person=1	_	_	_	@kvg1990f-words#@kvg1990f#1706.637#1707.003
260	высказываю	высказывавать	VERB	_	Aspect=Imp|Mood=Ind|Number=Sing|Person=1|Tense=Pres|VerbForm=Fin|Voice=Act	_	_	_	@kvg1990f-words#@kvg1990f#1707.003#1707.369
261	там	там	ADV	_	Degree=Pos	_	_	_	@kvg1990f-words#@kvg1990f#1707.369#1707.735
262	какие-то	какой-то	DET	_	Case=Acc|Number=Plur	_	_	_	@kvg1990f-words#@kvg1990f#1707.735#1708.101
263	свои	свой	DET	_	Case=Acc|Number=Plur	_	_	_	@kvg1990f-words#@kvg1990f#1708.101#1708.467
264	комментарии	комментарий	NOUN	_	Animacy=Inan|Case=Acc|Gender=Masc|Number=Plur	_	_	_	@kvg1990f-words#@kvg1990f#1708.467#1708.833
265	сейчас	сейчас	ADV	_	Degree=Pos	_	_	_	@kvg1990f-words#@kvg1990f#1708.833#1709.199
266	это	это	PRON	_	Animacy=Inan|Case=Nom|Gender=Neut|Number=Sing	_	_	_	@kvg1990f-words#@kvg1990f#1709.199#1709.566
267	мои	мой	DET	_	Case=Nom|Number=Plur	_	_	_	@kvg1990f-words#@kvg1990f#1709.566#1709.932
268	личные	личный	ADJ	_	Case=Nom|Degree=Pos|Number=Plur	_	_	_	@kvg1990f-words#@kvg1990f#1709.932#1710.298
269	ощущения	ощущение	NOUN	_	Animacy=Inan|Case=Nom|Gender=Neut|Number=Plur	_	_	_	@kvg1990f-words#@kvg1990f#1710.298#1710.664
270	/	/	PUNCT	_	_	_	_	_	@kvg1990f-words#@kvg1990f#1710.664#1711.03
271	при	при	ADP	_	_	_	_	_	@kvg1990f-words#@kvg1990f#1711.03#1711.396
272	том	то	PRON	_	Animacy=Inan|Case=Loc|Gender=Neut|Number=Sing	_	_	_	@kvg1990f-words#@kvg1990f#1711.396#1711.762
273	при	при	ADP	_	_	_	_	_	@kvg1990f-words#@kvg1990f#1711.762#1712.128
274	всём	весь	PRON	_	Case=Loc	_	_	_	@kvg1990f-words#@kvg1990f#1712.128#1712.494
275	что	что	PRON	_	Case=Nom	_	_	_	@kvg1990f-words#@kvg1990f#1712.494#1712.86
276	/	/	PUNCT	_	_	_	_	_	@kvg1990f-words#@kvg1990f#1712.86#1713.227
277	спустя	спустя	ADP	_	_	_	_	_	@kvg1990f-words#@kvg1990f#1713.227#1713.593
278	время	время	NOUN	_	Animacy=Inan|Case=Acc|Gender=Neut|Number=Sing	_	_	_	@kvg1990f-words#@kvg1990f#1713.593#1713.959
279	/	/	PUNCT	_	_	_	_	_	@kvg1990f-words#@kvg1990f#1713.959#1714.325
280	я	я	PRON	_	Case=Nom|Number=Sing|Person=1	_	_	_	@kvg1990f-words#@kvg1990f#1714.325#1714.691
281	/	/	PUNCT	_	_	_	_	_	@kvg1990f-words#@kvg1990f#1714.691#1715.057
282	безумно	безумно	ADV	_	Degree=Pos	_	_	_	@kvg1990f-words#@kvg1990f#1715.057#1715.423
283	благодарна	благодарный	ADJ	_	Degree=Pos|Gender=Fem|Number=Sing|Variant=Short	_	_	_	@kvg1990f-words#@kvg1990f#1715.423#1715.789
284	этому	этот	DET	_	Case=Dat|Gender=Masc|Number=Sing	_	_	_	@kvg1990f-words#@kvg1990f#1715.789#1716.155
285	периоду	период	NOUN	_	Animacy=Inan|Case=Dat|Gender=Masc|Number=Sing	_	_	_	@kvg1990f-words#@kvg1990f#1716.155#1716.521
286	/	/	PUNCT	_	_	_	_	_	@kvg1990f-words#@kvg1990f#1716.521#1716.888
287	тем	тот	DET	_	Case=Dat|Number=Plur	_	_	_	@kvg1990f-words#@kvg1990f#1716.888#1717.254
288	плодам	плод	NOUN	_	Animacy=Inan|Case=Dat|Gender=Masc|Number=Plur	_	_	_	@kvg1990f-words#@kvg1990f#1717.254#1717.62
289	которые	который	PRON	_	Case=Acc	_	_	_	@kvg1990f-words#@kvg1990f#1717.62#1717.986
290	он	он	PRON	_	Case=Nom|Gender=Masc|Number=Sing|Person=3	_	_	_	@kvg1990f-words#@kvg1990f#1717.986#1718.352
291	принёс	принести	VERB	_	Aspect=Perf|Gender=Masc|Mood=Ind|Number=Sing|Tense=Past|VerbForm=Fin|Voice=Act	_	_	_	@kvg1990f-words#@kvg1990f#1718.352#1718.718
292	и	и	CCONJ	_	_	_	_	_	@kvg1990f-words#@kvg1990f#1718.718#1719.084
293	тому	то	PRON	_	Animacy=Inan|Case=Dat|Gender=Neut|Number=Sing	_	_	_	@kvg1990f-words#@kvg1990f#1719.084#1719.45
294	/	/	PUNCT	_	_	_	_	_	@kvg1990f-words#@kvg1990f#1719.45#1719.816
295	к	к	ADP	_	_	_	_	_	@kvg1990f-words#@kvg1990f#1719.816#1720.182
296	чему	что	PRON	_	Case=Dat	_	_	_	@kvg1990f-words#@kvg1990f#1720.182#1720.549
297	он	он	PRON	_	Case=Nom|Gender=Masc|Number=Sing|Person=3	_	_	_	@kvg1990f-words#@kvg1990f#1720.549#1720.915
298	меня	я	PRON	_	Case=Acc|Number=Sing|Person=1	_	_	_	@kvg1990f-words#@kvg1990f#1720.915#1721.281
299	привёл	привести	VERB	_	Aspect=Perf|Gender=Masc|Mood=Ind|Number=Sing|Tense=Past|VerbForm=Fin|Voice=Act	_	_	_	@kvg1990f-words#@kvg1990f#1721.281#1721.647
300	/	/	PUNCT	_	_	_	_	_	@kvg1990f-words#@kvg1990f#1721.647#1722.013
301	да	да	PART	_	_	_	_	_	@kvg1990f-words#@kvg1990f#1722.013#1722.379
302	/	/	PUNCT	_	_	_	_	_	@kvg1990f-words#@kvg1990f#1722.379#1722.745
303	то	то	PRON	_	Animacy=Inan|Case=Nom|Gender=Neut|Number=Sing	_	_	_	@kvg1990f-words#@kvg1990f#1722.745#1723.111
304	есть	быть	VERB	_	Aspect=Imp|Mood=Ind|Number=Sing|Person=3|Tense=Pres|VerbForm=Fin|Voice=Act	_	_	_	@kvg1990f-words#@kvg1990f#1723.111#1723.477
305	/	/	PUNCT	_	_	_	_	_	@kvg1990f-words#@kvg1990f#1723.477#1723.843
306	офигенное	офигеть	VERB	_	Aspect=Perf|Case=Acc|Gender=Neut|Number=Sing|Tense=Past|VerbForm=Part|Voice=Pass	_	_	_	@kvg1990f-words#@kvg1990f#1723.843#1724.209
307	у	у	ADP	_	_	_	_	_	@kvg1990f-words#@kvg1990f#1724.209#1724.576
308	нас	мы	PRON	_	Case=Gen|Number=Plur|Person=1	_	_	_	@kvg1990f-words#@kvg1990f#1724.576#1724.942
309	было	быть	VERB	_	Aspect=Imp|Gender=Neut|Mood=Ind|Number=Sing|Tense=Past|VerbForm=Fin|Voice=Act	_	_	_	@kvg1990f-words#@kvg1990f#1724.942#1725.308
310	/	/	PUNCT	_	_	_	_	_	@kvg1990f-words#@kvg1990f#1725.308#1725.674
311	типа	тип	NOUN	_	Animacy=Inan|Case=Gen|Gender=Masc|Number=Sing	_	_	_	@kvg1990f-words#@kvg1990f#1725.674#1726.04
312	тандем	тандь	NOUN	_	Animacy=Inan|Case=Ins|Gender=Masc|Number=Sing	_	_	_	@kvg1990f-words#@kvg1990f#1726.04#1726.406
313	/	/	PUNCT	_	_	_	_	_	@kvg1990f-words#@kvg1990f#1726.406#1726.772
314	очень	очень	ADV	_	Degree=Pos	_	_	_	@kvg1990f-words#@kvg1990f#1726.772#1727.138
315	круто	крутой	ADV	_	Degree=Pos	_	_	_	@kvg1990f-words#@kvg1990f#1727.138#1727.504
316	было	быть	AUX	_	Aspect=Imp|Gender=Neut|Mood=Ind|Number=Sing|Tense=Past|VerbForm=Fin|Voice=Act	_	_	_	@kvg1990f-words#@kvg1990f#1727.504#1727.87
317	вот	вот	PART	_	_	_	_	_	@kvg1990f-words#@kvg1990f#1727.87#1728.237
318	/	/	PUNCT	_	_	_	_	_	@kvg1990f-words#@kvg1990f#1728.237#1728.603
319	несмотря	несмотря	ADV	_	Polarity=Neg	_	_	_	@kvg1990f-words#@kvg1990f#1728.603#1728.969
320	на	на	ADP	_	_	_	_	_	@kvg1990f-words#@kvg1990f#1728.969#1729.335
321	все	все	PRON	_	Animacy=Inan|Case=Acc|Gender=Neut|Number=Sing	_	_	_	@kvg1990f-words#@kvg1990f#1729.335#1729.701
322	как	как	ADV	_	Degree=Pos	_	_	_	@kvg1990f-words#@kvg1990f#1729.701#1730.067
323	бы	бы	PART	_	_	_	_	_	@kvg1990f-words#@kvg1990f#1730.067#1730.433
324	сложности	сложность	NOUN	_	Animacy=Inan|Case=Nom|Gender=Fem|Number=Sing	_	_	_	@kvg1990f-words#@kvg1990f#1730.433#1730.799
325	/	/	PUNCT	_	_	_	_	_	@kvg1990f-words#@kvg1990f#1730.799#1731.165
326	вот	вот	PART	_	_	_	_	_	@kvg1990f-words#@kvg1990f#1731.165#1731.531
327	мы	мы	PRON	_	Case=Nom|Number=Plur|Person=1	_	_	_	@kvg1990f-words#@kvg1990f#1731.531#1731.898
328	обсуждаем	обсуждать	VERB	_	Aspect=Imp|Mood=Ind|Number=Plur|Person=1|Tense=Pres|VerbForm=Fin|Voice=Act	_	_	_	@kvg1990f-words#@kvg1990f#1731.898#1732.264
329	интересная	интересный	ADJ	_	Case=Nom|Degree=Pos|Gender=Fem|Number=Sing	_	_	_	@kvg1990f-words#@kvg1990f#1732.264#1732.63
330	была	быть	AUX	_	Aspect=Imp|Gender=Fem|Mood=Ind|Number=Sing|Tense=Past|VerbForm=Fin|Voice=Act	_	_	_	@kvg1990f-words#@kvg1990f#1732.63#1732.996
331	короче	коротко	ADJ	_	Degree=Cmp	_	_	_	@kvg1990f-words#@kvg1990f#1732.996#1733.362
332	такая	такой	DET	_	Case=Nom|Gender=Fem|Number=Sing	_	_	_	@kvg1990f-words#@kvg1990f#1733.362#1733.728
333	пара	пара	NOUN	_	Animacy=Inan|Case=Nom|Gender=Fem|Number=Sing	_	_	_	@kvg1990f-words#@kvg1990f#1733.728#1734.094
334	/	/	PUNCT	_	_	_	_	_	@kvg1990f-words#@kvg1990f#1734.094#1734.46
335	вот	вот	PART	_	_	_	_	_	@kvg1990f-words#@kvg1990f#1734.46#1734.826
336	но	но	CCONJ	_	_	_	_	_	@kvg1990f-words#@kvg1990f#1734.826#1735.192
337	/	/	PUNCT	_	_	_	_	_	@kvg1990f-words#@kvg1990f#1735.192#1735.559
338	во-первых	во-первых	ADV	_	Degree=Pos	_	_	_	@kvg1990f-words#@kvg1990f#1735.559#1735.925
339	/	/	PUNCT	_	_	_	_	_	@kvg1990f-words#@kvg1990f#1735.925#1736.291
340	всё	все	PRON	_	Animacy=Inan|Case=Nom|Gender=Neut|Number=Sing	_	_	_	@kvg1990f-words#@kvg1990f#1736.291#1736.657
341	не	не	PART	_	_	_	_	_	@kvg1990f-words#@kvg1990f#1736.657#1737.023
342	вечно	вечно	ADJ	_	Degree=Pos|Gender=Neut|Number=Sing|Variant=Short	_	_	_	@kvg1990f-words#@kvg1990f#1737.023#1737.389
343	и	и	PART	_	_	_	_	_	@kvg1990f-words#@kvg1990f#1737.389#1737.755
344	у	у	ADP	_	_	_	_	_	@kvg1990f-words#@kvg1990f#1737.755#1738.121
345	всего	все	PRON	_	Animacy=Inan|Case=Gen|Gender=Neut|Number=Sing	_	_	_	@kvg1990f-words#@kvg1990f#1738.121#1738.487
346	свой	свой	DET	_	Case=Acc|Gender=Masc|Number=Sing	_	_	_	@kvg1990f-words#@kvg1990f#1738.487#1738.853
347	срок	срок	NOUN	_	Animacy=Inan|Case=Acc|Gender=Masc|Number=Sing	_	_	_	@kvg1990f-words#@kvg1990f#1738.853#1739.22
348	поэтому	поэтому	ADV	_	Degree=Pos	_	_	_	@kvg1990f-words#@kvg1990f#1739.574#1740.011
349	это	это	PRON	_	Animacy=Inan|Case=Nom|Gender=Neut|Number=Sing	_	_	_	@kvg1990f-words#@kvg1990f#1740.011#1740.449
350	абсолютно	абсолютно	ADV	_	Degree=Pos	_	_	_	@kvg1990f-words#@kvg1990f#1740.449#1740.887
351	нормально	нормальный	ADJ	_	Degree=Pos|Gender=Neut|Number=Sing|Variant=Short	_	_	_	@kvg1990f-words#@kvg1990f#1740.887#1741.324
352	/	/	PUNCT	_	_	_	_	_	@kvg1990f-words#@kvg1990f#1741.324#1741.762
353	вот	вот	PART	_	_	_	_	_	@kvg1990f-words#@kvg1990f#1741.762#1742.2
354	мне	я	PRON	_	Case=Dat|Number=Sing|Person=1	_	_	_	@kvg1990f-words#@kvg1990f#1779.4#1779.821
355	на	на	ADP	_	_	_	_	_	@kvg1990f-words#@kvg1990f#1779.821#1780.243
356	тот	тот	DET	_	Case=Acc|Gender=Masc|Number=Sing	_	_	_	@kvg1990f-words#@kvg1990f#1780.243#1780.664
357	момент	момент	NOUN	_	Animacy=Inan|Case=Acc|Gender=Masc|Number=Sing	_	_	_	@kvg1990f-words#@kvg1990f#1780.664#1781.086
358	/	/	PUNCT	_	_	_	_	_	@kvg1990f-words#@kvg1990f#1781.086#1781.508
359	а	а	CCONJ	_	_	_	_	_	@kvg1990f-words#@kvg1990f#1781.508#1781.929
360	я	я	PRON	_	Case=Nom|Number=Sing|Person=1	_	_	_	@kvg1990f-words#@kvg1990f#1781.929#1782.351
361	мм	мм	NOUN	_	Animacy=Inan|Case=Acc|Gender=Fem|Number=Sing	_	_	_	@kvg1990f-words#@kvg1990f#1782.351#1782.772
362	/	/	PUNCT	_	_	_	_	_	@kvg1990f-words#@kvg1990f#1782.772#1783.194
363	меня	я	PRON	_	Case=Acc|Number=Sing|Person=1	_	_	_	@kvg1990f-words#@kvg1990f#1783.194#1783.616
364	вдохновляло	вдохновлять	VERB	_	Aspect=Imp|Gender=Neut|Mood=Ind|Number=Sing|Tense=Past|VerbForm=Fin|Voice=Act	_	_	_	@kvg1990f-words#@kvg1990f#1783.616#1784.037
365	и	и	CCONJ	_	_	_	_	_	@kvg1990f-words#@kvg1990f#1784.037#1784.459
366	пробуждало	пробуждать	VERB	_	Aspect=Imp|Gender=Neut|Mood=Ind|Number=Sing|Tense=Past|VerbForm=Fin|Voice=Act	_	_	_	@kvg1990f-words#@kvg1990f#1784.459#1784.881
367	к	к	ADP	_	_	_	_	_	@kvg1990f-words#@kvg1990f#1784.881#1785.302
368	действию	действие	NOUN	_	Animacy=Inan|Case=Dat|Gender=Neut|Number=Sing	_	_	_	@kvg1990f-words#@kvg1990f#1785.302#1785.724
369	/	/	PUNCT	_	_	_	_	_	@kvg1990f-words#@kvg1990f#1785.724#1786.145
370	вот	вот	PART	_	_	_	_	_	@kvg1990f-words#@kvg1990f#1786.145#1786.567
371	как	как	SCONJ	_	_	_	_	_	@kvg1990f-words#@kvg1990f#1786.567#1786.989
372	раз	раз	NOUN	_	Animacy=Inan|Case=Acc|Gender=Masc|Number=Sing	_	_	_	@kvg1990f-words#@kvg1990f#1786.989#1787.41
373	вот	вот	PART	_	_	_	_	_	@kvg1990f-words#@kvg1990f#1787.41#1787.832
374	такие	такой	DET	_	Case=Nom|Number=Plur	_	_	_	@kvg1990f-words#@kvg1990f#1787.832#1788.253
375	вот	вот	PART	_	_	_	_	_	@kvg1990f-words#@kvg1990f#1788.253#1788.675
376	/	/	PUNCT	_	_	_	_	_	@kvg1990f-words#@kvg1990f#1788.675#1789.097
377	подножки	подножка	ADV	_	Degree=Pos	_	_	_	@kvg1990f-words#@kvg1990f#1789.097#1789.518
378	какие-то	какой-то	DET	_	Case=Acc|Number=Plur	_	_	_	@kvg1990f-words#@kvg1990f#1789.518#1789.94
379	да	да	PART	_	_	_	_	_	@kvg1990f-words#@kvg1990f#1789.94#1790.362
380	с	с	ADP	_	_	_	_	_	@kvg1990f-words#@kvg1990f#1790.362#1790.783
381	каких-то	какой-то	DET	_	Case=Acc|Number=Plur	_	_	_	@kvg1990f-words#@kvg1990f#1790.783#1791.205
382	лю...любые	лю...любый	DET	_	Case=Acc|Number=Plur	_	_	_	@kvg1990f-words#@kvg1990f#1791.205#1791.626
383	да	да	CCONJ	_	_	_	_	_	@kvg1990f-words#@kvg1990f#1791.626#1792.048
384	кто-то	кто-то	PRON	_	Case=Nom	_	_	_	@kvg1990f-words#@kvg1990f#1792.048#1792.47
385	там	там	ADV	_	Degree=Pos	_	_	_	@kvg1990f-words#@kvg1990f#1792.47#1792.891
386	говорит	говорить	VERB	_	Aspect=Imp|Mood=Ind|Number=Sing|Person=3|Tense=Pres|VerbForm=Fin|Voice=Act	_	_	_	@kvg1990f-words#@kvg1990f#1792.891#1793.313
387	/	/	PUNCT	_	_	_	_	_	@kvg1990f-words#@kvg1990f#1793.313#1793.735
388	ну	ну	PART	_	_	_	_	_	@kvg1990f-words#@kvg1990f#1793.735#1794.156
389	что	что	SCONJ	_	_	_	_	_	@kvg1990f-words#@kvg1990f#1794.156#1794.578
390	ты	ты	PRON	_	Case=Nom|Number=Sing|Person=2	_	_	_	@kvg1990f-words#@kvg1990f#1794.578#1794.999
391	там	там	ADV	_	Degree=Pos	_	_	_	@kvg1990f-words#@kvg1990f#1794.999#1795.421
392	будешь	быть	AUX	_	Aspect=Imp|Mood=Ind|Number=Sing|Person=2|Tense=Pres|VerbForm=Fin|Voice=Act	_	_	_	@kvg1990f-words#@kvg1990f#1795.421#1795.843
393	петь	петь	VERB	_	Aspect=Imp|VerbForm=Inf|Voice=Act	_	_	_	@kvg1990f-words#@kvg1990f#1795.843#1796.264
394	ты	ты	PRON	_	Case=Nom|Number=Sing|Person=2	_	_	_	@kvg1990f-words#@kvg1990f#1796.264#1796.686
395	же	же	PART	_	_	_	_	_	@kvg1990f-words#@kvg1990f#1796.686#1797.107
396	никогда	никогда	ADV	_	Degree=Pos	_	_	_	@kvg1990f-words#@kvg1990f#1797.107#1797.529
397	не	не	PART	_	_	_	_	_	@kvg1990f-words#@kvg1990f#1797.529#1797.951
398	пела	петь	VERB	_	Aspect=Imp|Gender=Fem|Mood=Ind|Number=Sing|Tense=Past|VerbForm=Fin|Voice=Act	_	_	_	@kvg1990f-words#@kvg1990f#1797.951#1798.372
399	или	или	CCONJ	_	_	_	_	_	@kvg1990f-words#@kvg1990f#1798.372#1798.794
400	там	там	ADV	_	Degree=Pos	_	_	_	@kvg1990f-words#@kvg1990f#1798.794#1799.216
401	/	/	PUNCT	_	_	_	_	_	@kvg1990f-words#@kvg1990f#1799.216#1799.637
402	чего-то	что-то	PRON	_	Case=Gen	_	_	_	@kvg1990f-words#@kvg1990f#1799.637#1800.059
403	там	там	ADV	_	Degree=Pos	_	_	_	@kvg1990f-words#@kvg1990f#1800.059#1800.48
404	/	/	PUNCT	_	_	_	_	_	@kvg1990f-words#@kvg1990f#1800.48#1800.902
405	месяц	месяц	NOUN	_	Animacy=Inan|Case=Acc|Gender=Masc|Number=Sing	_	_	_	@kvg1990f-words#@kvg1990f#1800.902#1801.324
406	попоёшь	попоёть	VERB	_	Aspect=Perf|Mood=Ind|Number=Sing|Person=2|Tense=Fut|VerbForm=Fin|Voice=Act	_	_	_	@kvg1990f-words#@kvg1990f#1801.324#1801.745
407	и	и	CCONJ	_	_	_	_	_	@kvg1990f-words#@kvg1990f#1801.745#1802.167
408	переключишься	переключиться	VERB	_	Aspect=Perf|Mood=Ind|Number=Sing|Person=2|Tense=Fut|VerbForm=Fin|Voice=Mid	_	_	_	@kvg1990f-words#@kvg1990f#1802.167#1802.589
409	я	я	PRON	_	Case=Nom|Number=Sing|Person=1	_	_	_	@kvg1990f-words#@kvg1990f#1803.318#1803.67
410	раньше	раньше	ADV	_	Degree=Pos	_	_	_	@kvg1990f-words#@kvg1990f#1803.67#1804.022
411	просто	просто	PART	_	_	_	_	_	@kvg1990f-words#@kvg1990f#1804.022#1804.374
412	переключалсь	переключалсь	NOUN	_	Animacy=Inan|Case=Gen|Gender=Fem|Number=Sing	_	_	_	@kvg1990f-words#@kvg1990f#1804.374#1804.727
413	да	да	CCONJ	_	_	_	_	_	@kvg1990f-words#@kvg1990f#1804.727#1805.079
414	/	/	PUNCT	_	_	_	_	_	@kvg1990f-words#@kvg1990f#1805.079#1805.431
415	луна	луна	NOUN	_	Animacy=Inan|Case=Nom|Gender=Fem|Number=Sing	_	_	_	@kvg1990f-words#@kvg1990f#1805.431#1805.783
416	какое-то	какой-то	DET	_	Case=Nom|Gender=Neut|Number=Sing	_	_	_	@kvg1990f-words#@kvg1990f#1805.783#1806.136
417	моё	емо	DET	_	_	_	_	_	@kvg1990f-words#@kvg1990f#1806.136#1806.488
418	вот	вот	PART	_	_	_	_	_	@kvg1990f-words#@kvg1990f#1806.488#1806.84
419	сп...	сп..траница	PROPN	_	Animacy=Anim|Case=Dat|Gender=Masc|Number=Sing	_	_	_	@kvg1990f-words#@kvg1990f#1806.84#1807.193
420	ну	ну	PART	_	_	_	_	_	@kvg1990f-words#@kvg1990f#1807.193#1807.545
421	спасение	спасение	NOUN	_	Animacy=Inan|Case=Acc|Gender=Neut|Number=Sing	_	_	_	@kvg1990f-words#@kvg1990f#1807.545#1807.897
422	реально	реальный	ADJ	_	Degree=Pos|Gender=Neut|Number=Sing|Variant=Short	_	_	_	@kvg1990f-words#@kvg1990f#1807.897#1808.249
423	открытие	открытие	NOUN	_	Animacy=Inan|Case=Nom|Gender=Neut|Number=Sing	_	_	_	@kvg1990f-words#@kvg1990f#1808.249#1808.602
424	/	/	PUNCT	_	_	_	_	_	@kvg1990f-words#@kvg1990f#1808.602#1808.954
425	потому	потому	ADV	_	Degree=Pos	_	_	_	@kvg1990f-words#@kvg1990f#1808.954#1809.306
426	что	что	SCONJ	_	_	_	_	_	@kvg1990f-words#@kvg1990f#1809.306#1809.659
427	он	он	PRON	_	Case=Nom|Gender=Masc|Number=Sing|Person=3	_	_	_	@kvg1990f-words#@kvg1990f#1809.659#1810.011
428	как	как	ADV	_	Degree=Pos	_	_	_	@kvg1990f-words#@kvg1990f#1810.011#1810.363
429	бы	бы	PART	_	_	_	_	_	@kvg1990f-words#@kvg1990f#1810.363#1810.715
430	был	быть	VERB	_	Aspect=Imp|Gender=Masc|Mood=Ind|Number=Sing|Tense=Past|VerbForm=Fin|Voice=Act	_	_	_	@kvg1990f-words#@kvg1990f#1810.715#1811.068
431	/	/	PUNCT	_	_	_	_	_	@kvg1990f-words#@kvg1990f#1811.068#1811.42
432	говорил	говорить	VERB	_	Aspect=Imp|Gender=Masc|Mood=Ind|Number=Sing|Tense=Past|VerbForm=Fin|Voice=Act	_	_	_	@kvg1990f-words#@kvg1990f#1811.42#1811.772
433	на	на	ADP	_	_	_	_	_	@kvg1990f-words#@kvg1990f#1811.772#1812.124
434	основе	основа	NOUN	_	Animacy=Inan|Case=Loc|Gender=Fem|Number=Sing	_	_	_	@kvg1990f-words#@kvg1990f#1812.124#1812.477
435	каких-то	какой-то	DET	_	Case=Gen|Number=Plur	_	_	_	@kvg1990f-words#@kvg1990f#1812.477#1812.829
436	предыдущих	предыдущий	ADJ	_	Case=Gen|Degree=Pos|Number=Plur	_	_	_	@kvg1990f-words#@kvg1990f#1812.829#1813.181
437	историй	история	NOUN	_	Animacy=Inan|Case=Gen|Gender=Fem|Number=Plur	_	_	_	@kvg1990f-words#@kvg1990f#1813.181#1813.534
438	да	да	CCONJ	_	_	_	_	_	@kvg1990f-words#@kvg1990f#1813.534#1813.886
439	/	/	PUNCT	_	_	_	_	_	@kvg1990f-words#@kvg1990f#1813.886#1814.238
440	того	то	PRON	_	Animacy=Inan|Case=Gen|Gender=Neut|Number=Sing	_	_	_	@kvg1990f-words#@kvg1990f#1814.238#1814.59
441	как	как	SCONJ	_	_	_	_	_	@kvg1990f-words#@kvg1990f#1814.59#1814.943
442	я	я	PRON	_	Case=Nom|Number=Sing|Person=1	_	_	_	@kvg1990f-words#@kvg1990f#1814.943#1815.295
443	себя	себя	PRON	_	Case=Acc	_	_	_	@kvg1990f-words#@kvg1990f#1815.295#1815.647
444	вела	вести	VERB	_	Aspect=Imp|Gender=Fem|Mood=Ind|Number=Sing|Tense=Past|VerbForm=Fin|Voice=Act	_	_	_	@kvg1990f-words#@kvg1990f#1815.647#1816.0
445	да	да	PART	_	_	_	_	_	@kvg1990f-words#@kvg1990f#1817.403#1817.745
446	/	/	PUNCT	_	_	_	_	_	@kvg1990f-words#@kvg1990f#1817.745#1818.088
447	была	быть	AUX	_	Aspect=Imp|Gender=Fem|Mood=Ind|Number=Sing|Tense=Past|VerbForm=Fin|Voice=Act	_	_	_	@kvg1990f-words#@kvg1990f#1818.088#1818.431
448	вот	вот	PART	_	_	_	_	_	@kvg1990f-words#@kvg1990f#1818.431#1818.774
449	такая	такой	DET	_	Case=Nom|Gender=Fem|Number=Sing	_	_	_	@kvg1990f-words#@kvg1990f#1818.774#1819.117
450	вот	вот	PART	_	_	_	_	_	@kvg1990f-words#@kvg1990f#1819.117#1819.46
451	совсем	совсем	ADV	_	Degree=Pos	_	_	_	@kvg1990f-words#@kvg1990f#1819.46#1819.803
452	другая	другой	ADJ	_	Case=Nom|Degree=Pos|Gender=Fem|Number=Sing	_	_	_	@kvg1990f-words#@kvg1990f#1819.803#1820.146
453	была	быть	AUX	_	Aspect=Imp|Gender=Fem|Mood=Ind|Number=Sing|Tense=Past|VerbForm=Fin|Voice=Act	_	_	_	@kvg1990f-words#@kvg1990f#1820.146#1820.488
454	/	/	PUNCT	_	_	_	_	_	@kvg1990f-words#@kvg1990f#1820.488#1820.831
455	ну	ну	PART	_	_	_	_	_	@kvg1990f-words#@kvg1990f#1820.831#1821.174
456	вот	вот	PART	_	_	_	_	_	@kvg1990f-words#@kvg1990f#1821.174#1821.517
457	луна	луна	NOUN	_	Animacy=Inan|Case=Nom|Gender=Fem|Number=Sing	_	_	_	@kvg1990f-words#@kvg1990f#1821.517#1821.86
458	дала	дать	VERB	_	Aspect=Perf|Gender=Fem|Mood=Ind|Number=Sing|Tense=Past|VerbForm=Fin|Voice=Act	_	_	_	@kvg1990f-words#@kvg1990f#1821.86#1822.203
459	мне	я	PRON	_	Case=Dat|Number=Sing|Person=1	_	_	_	@kvg1990f-words#@kvg1990f#1822.203#1822.546
460	какой-то	какой-то	DET	_	Case=Acc|Gender=Masc|Number=Sing	_	_	_	@kvg1990f-words#@kvg1990f#1822.546#1822.889
461	стержень	стержень	NOUN	_	Animacy=Inan|Case=Acc|Gender=Masc|Number=Sing	_	_	_	@kvg1990f-words#@kvg1990f#1822.889#1823.232
462	/	/	PUNCT	_	_	_	_	_	@kvg1990f-words#@kvg1990f#1823.232#1823.574
463	заземлила	заземлить	VERB	_	Aspect=Perf|Gender=Fem|Mood=Ind|Number=Sing|Tense=Past|VerbForm=Fin|Voice=Act	_	_	_	@kvg1990f-words#@kvg1990f#1823.574#1823.917
464	типа	тип	NOUN	_	Animacy=Inan|Case=Nom|Gender=Fem|Number=Sing	_	_	_	@kvg1990f-words#@kvg1990f#1823.917#1824.26
465	как	как	SCONJ	_	_	_	_	_	@kvg1990f-words#@kvg1990f#1824.26#1824.603
466	укоренила	укоренить	VERB	_	Aspect=Perf|Gender=Fem|Mood=Ind|Number=Sing|Tense=Past|VerbForm=Fin|Voice=Act	_	_	_	@kvg1990f-words#@kvg1990f#1824.603#1824.946
467	и	и	PART	_	_	_	_	_	@kvg1990f-words#@kvg1990f#1824.946#1825.289
468	я	я	PRON	_	Case=Nom|Number=Sing|Person=1	_	_	_	@kvg1990f-words#@kvg1990f#1825.289#1825.632
469	вот	вот	PART	_	_	_	_	_	@kvg1990f-words#@kvg1990f#1825.632#1825.975
470	начала	начать	VERB	_	Aspect=Perf|Gender=Fem|Mood=Ind|Number=Sing|Tense=Past|VerbForm=Fin|Voice=Act	_	_	_	@kvg1990f-words#@kvg1990f#1825.975#1826.318
471	понимать	понимать	VERB	_	Aspect=Imp|VerbForm=Inf|Voice=Act	_	_	_	@kvg1990f-words#@kvg1990f#1826.318#1826.66
472	что	что	PRON	_	Case=Acc	_	_	_	@kvg1990f-words#@kvg1990f#1826.66#1827.003
473	так	так	ADV	_	Degree=Pos	_	_	_	@kvg1990f-words#@kvg1990f#1827.003#1827.346
474	/	/	PUNCT	_	_	_	_	_	@kvg1990f-words#@kvg1990f#1827.346#1827.689
475	для	для	ADP	_	_	_	_	_	@kvg1990f-words#@kvg1990f#1827.689#1828.032
476	того	то	PRON	_	Animacy=Inan|Case=Gen|Gender=Neut|Number=Sing	_	_	_	@kvg1990f-words#@kvg1990f#1828.032#1828.375
477	чтобы	чтобы	SCONJ	_	Mood=Cnd	_	_	_	@kvg1990f-words#@kvg1990f#1828.375#1828.718
478	/	/	PUNCT	_	_	_	_	_	@kvg1990f-words#@kvg1990f#1828.718#1829.061
479	хорошо	хорошо	ADV	_	Degree=Pos	_	_	_	@kvg1990f-words#@kvg1990f#1829.061#1829.404
480	в	в	ADP	_	_	_	_	_	@kvg1990f-words#@kvg1990f#1829.404#1829.746
481	работе	работа	NOUN	_	Animacy=Inan|Case=Loc|Gender=Fem|Number=Sing	_	_	_	@kvg1990f-words#@kvg1990f#1829.746#1830.089
482	всё	все	PRON	_	Animacy=Inan|Case=Nom|Gender=Neut|Number=Sing	_	_	_	@kvg1990f-words#@kvg1990f#1830.089#1830.432
483	шло	идти	VERB	_	Aspect=Imp|Gender=Neut|Mood=Ind|Number=Sing|Tense=Past|VerbForm=Fin|Voice=Act	_	_	_	@kvg1990f-words#@kvg1990f#1830.432#1830.775
484	со	с	ADP	_	_	_	_	_	@kvg1990f-words#@kvg1990f#1830.775#1831.118
485	всеми	весь	DET	_	Case=Ins|Number=Plur	_	_	_	@kvg1990f-words#@kvg1990f#1831.118#1831.461
486	там	там	ADV	_	Degree=Pos	_	_	_	@kvg1990f-words#@kvg1990f#1831.461#1831.804
487	работниками	работник	NOUN	_	Animacy=Anim|Case=Ins|Gender=Masc|Number=Plur	_	_	_	@kvg1990f-words#@kvg1990f#1831.804#1832.147
488	/	/	PUNCT	_	_	_	_	_	@kvg1990f-words#@kvg1990f#1832.147#1832.49
489	или	или	CCONJ	_	_	_	_	_	@kvg1990f-words#@kvg1990f#1832.49#1832.832
490	с	с	ADP	_	_	_	_	_	@kvg1990f-words#@kvg1990f#1832.832#1833.175
491	кем	кто	PRON	_	Case=Ins	_	_	_	@kvg1990f-words#@kvg1990f#1833.175#1833.518
492	с	с	ADP	_	_	_	_	_	@kvg1990f-words#@kvg1990f#1833.518#1833.861
493	кем	кто	PRON	_	Case=Ins	_	_	_	@kvg1990f-words#@kvg1990f#1833.861#1834.204
494	ты	ты	PRON	_	Case=Nom|Number=Sing|Person=2	_	_	_	@kvg1990f-words#@kvg1990f#1834.204#1834.547
495	коллабарируешься	коллабарируться	VERB	_	Aspect=Imp|Mood=Ind|Number=Sing|Person=2|Tense=Pres|VerbForm=Fin|Voice=Mid	_	_	_	@kvg1990f-words#@kvg1990f#1834.547#1834.89
496	нужно	нужный	ADJ	_	Degree=Pos|Gender=Neut|Number=Sing|Variant=Short	_	_	_	@kvg1990f-words#@kvg1990f#1834.89#1835.233
497	всегда	всегда	ADV	_	Degree=Pos	_	_	_	@kvg1990f-words#@kvg1990f#1835.233#1835.576
498	быть	быть	AUX	_	Aspect=Imp|VerbForm=Inf|Voice=Act	_	_	_	@kvg1990f-words#@kvg1990f#1835.576#1835.918
499	там	там	ADV	_	Degree=Pos	_	_	_	@kvg1990f-words#@kvg1990f#1835.918#1836.261
500	открытой	открытый	ADJ	_	Case=Ins|Degree=Pos|Gender=Fem|Number=Sing	_	_	_	@kvg1990f-words#@kvg1990f#1836.261#1836.604
501	то	то	PRON	_	Animacy=Inan|Case=Nom|Gender=Neut|Number=Sing	_	_	_	@kvg1990f-words#@kvg1990f#1836.604#1836.947
502	есть	быть	VERB	_	Aspect=Imp|Mood=Ind|Number=Sing|Person=3|Tense=Pres|VerbForm=Fin|Voice=Act	_	_	_	@kvg1990f-words#@kvg1990f#1836.947#1837.29
503	были	быть	AUX	_	Aspect=Imp|Mood=Ind|Number=Plur|Tense=Past|VerbForm=Fin|Voice=Act	_	_	_	@kvg1990f-words#@kvg1990f#1837.29#1837.633
504	моменты	момент	NOUN	_	Animacy=Inan|Case=Nom|Gender=Masc|Number=Plur	_	_	_	@kvg1990f-words#@kvg1990f#1837.633#1837.976
505	/	/	PUNCT	_	_	_	_	_	@kvg1990f-words#@kvg1990f#1837.976#1838.319
506	что	что	PRON	_	Case=Nom	_	_	_	@kvg1990f-words#@kvg1990f#1838.319#1838.662
507	мне	я	PRON	_	Case=Dat|Number=Sing|Person=1	_	_	_	@kvg1990f-words#@kvg1990f#1838.662#1839.004
508	было	быть	AUX	_	Aspect=Imp|Gender=Neut|Mood=Ind|Number=Sing|Tense=Past|VerbForm=Fin|Voice=Act	_	_	_	@kvg1990f-words#@kvg1990f#1839.004#1839.347
509	тяжело	тяжелый	ADJ	_	Degree=Pos|Gender=Neut|Number=Sing|Variant=Short	_	_	_	@kvg1990f-words#@kvg1990f#1839.347#1839.69
510	высказать	высказать	VERB	_	Aspect=Perf|VerbForm=Inf|Voice=Act	_	_	_	@kvg1990f-words#@kvg1990f#1839.69#1840.033
511	людям	человек	NOUN	_	Animacy=Anim|Case=Dat|Gender=Masc|Number=Plur	_	_	_	@kvg1990f-words#@kvg1990f#1840.033#1840.376
512	если	если	SCONJ	_	_	_	_	_	@kvg1990f-words#@kvg1990f#1840.376#1840.719
513	мне	я	PRON	_	Case=Dat|Number=Sing|Person=1	_	_	_	@kvg1990f-words#@kvg1990f#1840.719#1841.062
514	что-то	что-то	PRON	_	Case=Nom	_	_	_	@kvg1990f-words#@kvg1990f#1841.062#1841.405
515	не	не	PART	_	_	_	_	_	@kvg1990f-words#@kvg1990f#1841.405#1841.747
516	нравится	нравиться	VERB	_	Aspect=Imp|Mood=Ind|Number=Sing|Person=3|Tense=Pres|VerbForm=Fin|Voice=Mid	_	_	_	@kvg1990f-words#@kvg1990f#1841.747#1842.09
517	/	/	PUNCT	_	_	_	_	_	@kvg1990f-words#@kvg1990f#1842.09#1842.433
518	поэтому	поэтому	ADV	_	Degree=Pos	_	_	_	@kvg1990f-words#@kvg1990f#1842.433#1842.776
519	я	я	PRON	_	Case=Nom|Number=Sing|Person=1	_	_	_	@kvg1990f-words#@kvg1990f#1842.776#1843.119
520	очень	очень	ADV	_	Degree=Pos	_	_	_	@kvg1990f-words#@kvg1990f#1843.119#1843.462
521	хорошо	хорошо	ADV	_	Degree=Pos	_	_	_	@kvg1990f-words#@kvg1990f#1843.462#1843.805
522	понимаю	понимать	VERB	_	Aspect=Imp|Mood=Ind|Number=Sing|Person=1|Tense=Pres|VerbForm=Fin|Voice=Act	_	_	_	@kvg1990f-words#@kvg1990f#1843.805#1844.148
523	/	/	PUNCT	_	_	_	_	_	@kvg1990f-words#@kvg1990f#1844.148#1844.491
524	своего	свой	DET	_	Case=Gen|Gender=Masc|Number=Sing	_	_	_	@kvg1990f-words#@kvg1990f#1844.491#1844.833
525	бывшего	бывший	ADJ	_	Case=Gen|Degree=Pos|Gender=Masc|Number=Sing	_	_	_	@kvg1990f-words#@kvg1990f#1844.833#1845.176
526	мужа	муж	NOUN	_	Animacy=Anim|Case=Gen|Gender=Masc|Number=Sing	_	_	_	@kvg1990f-words#@kvg1990f#1845.176#1845.519
527	что	что	SCONJ	_	_	_	_	_	@kvg1990f-words#@kvg1990f#1845.519#1845.862
528	иногда	иногда	ADV	_	Degree=Pos	_	_	_	@kvg1990f-words#@kvg1990f#1845.862#1846.205
529	он	он	PRON	_	Case=Nom|Gender=Masc|Number=Sing|Person=3	_	_	_	@kvg1990f-words#@kvg1990f#1846.205#1846.548
530	видел	видеть	VERB	_	Aspect=Imp|Gender=Masc|Mood=Ind|Number=Sing|Tense=Past|VerbForm=Fin|Voice=Act	_	_	_	@kvg1990f-words#@kvg1990f#1846.548#1846.891
531	меня	я	PRON	_	Case=Acc|Number=Sing|Person=1	_	_	_	@kvg1990f-words#@kvg1990f#1846.891#1847.234
532	как	как	ADV	_	Degree=Pos	_	_	_	@kvg1990f-words#@kvg1990f#1847.234#1847.577
533	бы	бы	PART	_	_	_	_	_	@kvg1990f-words#@kvg1990f#1847.577#1847.919
534	изнутри	изнутри	ADV	_	Degree=Pos	_	_	_	@kvg1990f-words#@kvg1990f#1847.919#1848.262
535	/	/	PUNCT	_	_	_	_	_	@kvg1990f-words#@kvg1990f#1848.262#1848.605
536	видел	видеть	VERB	_	Aspect=Imp|Gender=Masc|Mood=Ind|Number=Sing|Tense=Past|VerbForm=Fin|Voice=Act	_	_	_	@kvg1990f-words#@kvg1990f#1848.605#1848.948
537	моё	емо	DET	_	Case=Acc|Gender=Neut|Number=Sing	_	_	_	@kvg1990f-words#@kvg1990f#1848.948#1849.291
538	поведение	поведение	NOUN	_	Animacy=Inan|Case=Acc|Gender=Neut|Number=Sing	_	_	_	@kvg1990f-words#@kvg1990f#1849.291#1849.634
539	где-то	где-то	ADV	_	Degree=Pos	_	_	_	@kvg1990f-words#@kvg1990f#1849.634#1849.977
540	с	с	ADP	_	_	_	_	_	@kvg1990f-words#@kvg1990f#1849.977#1850.32
541	нашими	наш	DET	_	Case=Ins|Number=Plur	_	_	_	@kvg1990f-words#@kvg1990f#1850.32#1850.663
542	какими-то	какой-то	DET	_	Case=Ins|Number=Plur	_	_	_	@kvg1990f-words#@kvg1990f#1850.663#1851.005
543	партнёрами	партнёр	NOUN	_	Animacy=Inan|Case=Ins|Gender=Fem|Number=Plur	_	_	_	@kvg1990f-words#@kvg1990f#1851.005#1851.348
544	/	/	PUNCT	_	_	_	_	_	@kvg1990f-words#@kvg1990f#1851.348#1851.691
545	и	и	CCONJ	_	_	_	_	_	@kvg1990f-words#@kvg1990f#1851.691#1852.034
546	он	он	PRON	_	Case=Nom|Gender=Masc|Number=Sing|Person=3	_	_	_	@kvg1990f-words#@kvg1990f#1852.034#1852.377
547	/	/	PUNCT	_	_	_	_	_	@kvg1990f-words#@kvg1990f#1852.377#1852.72
548	наверное	наверное	ADV	_	Degree=Pos	_	_	_	@kvg1990f-words#@kvg1990f#1852.72#1853.063
549	где-то	где-то	ADV	_	Degree=Pos	_	_	_	@kvg1990f-words#@kvg1990f#1853.063#1853.406
550	в	в	ADP	_	_	_	_	_	@kvg1990f-words#@kvg1990f#1853.406#1853.749
551	чём-то	чёй-то	DET	_	Case=Loc|Gender=Masc|Number=Sing	_	_	_	@kvg1990f-words#@kvg1990f#1853.749#1854.091
552	/	/	PUNCT	_	_	_	_	_	@kvg1990f-words#@kvg1990f#1854.091#1854.434
553	старался	стараться	VERB	_	Aspect=Imp|Gender=Masc|Mood=Ind|Number=Sing|Tense=Past|VerbForm=Fin|Voice=Mid	_	_	_	@kvg1990f-words#@kvg1990f#1854.434#1854.777
554	меня	я	PRON	_	Case=Acc|Number=Sing|Person=1	_	_	_	@kvg1990f-words#@kvg1990f#1854.777#1855.12
555	/	/	PUNCT	_	_	_	_	_	@kvg1990f-words#@kvg1990f#1855.12#1855.463
556	исходя	исходить	VERB	_	Aspect=Imp|Tense=Pres|VerbForm=Conv|Voice=Act	_	_	_	@kvg1990f-words#@kvg1990f#1855.463#1855.806
557	из	из	ADP	_	_	_	_	_	@kvg1990f-words#@kvg1990f#1855.806#1856.149
558	того	то	PRON	_	Animacy=Inan|Case=Gen|Gender=Neut|Number=Sing	_	_	_	@kvg1990f-words#@kvg1990f#1856.149#1856.492
559	что	что	SCONJ	_	_	_	_	_	@kvg1990f-words#@kvg1990f#1856.492#1856.835
560	у	у	ADP	_	_	_	_	_	@kvg1990f-words#@kvg1990f#1856.835#1857.177
561	него	он	PRON	_	Case=Gen|Gender=Masc|Number=Sing|Person=3	_	_	_	@kvg1990f-words#@kvg1990f#1857.177#1857.52
562	опыта	опыт	NOUN	_	Animacy=Inan|Case=Gen|Gender=Masc|Number=Sing	_	_	_	@kvg1990f-words#@kvg1990f#1857.52#1857.863
563	больше	больше	ADV	_	Degree=Cmp	_	_	_	@kvg1990f-words#@kvg1990f#1857.863#1858.206
564	воспитывать	воспитывать	VERB	_	Aspect=Imp|VerbForm=Inf|Voice=Act	_	_	_	@kvg1990f-words#@kvg1990f#1858.206#1858.549
565	/	/	PUNCT	_	_	_	_	_	@kvg1990f-words#@kvg1990f#1858.549#1858.892
566	вот	вот	PART	_	_	_	_	_	@kvg1990f-words#@kvg1990f#1858.892#1859.235
567	/	/	PUNCT	_	_	_	_	_	@kvg1990f-words#@kvg1990f#1859.235#1859.578
568	но	но	CCONJ	_	_	_	_	_	@kvg1990f-words#@kvg1990f#1859.578#1859.921
569	не	не	PART	_	_	_	_	_	@kvg1990f-words#@kvg1990f#1861.529#1862.024
570	могут	мочь	VERB	_	Aspect=Imp|Mood=Ind|Number=Plur|Person=3|Tense=Pres|VerbForm=Fin|Voice=Act	_	_	_	@kvg1990f-words#@kvg1990f#1862.024#1862.519
571	стать	стать	VERB	_	Aspect=Perf|VerbForm=Inf|Voice=Mid	_	_	_	@kvg1990f-words#@kvg1990f#1862.519#1863.014
572	полноценными	полноценный	ADJ	_	Case=Ins|Degree=Pos|Number=Plur	_	_	_	@kvg1990f-words#@kvg1990f#1863.014#1863.51
573	счастливыми	счастливый	ADJ	_	Case=Ins|Degree=Pos|Number=Plur	_	_	_	@kvg1990f-words#@kvg1990f#1863.51#1864.005
574	отношениями	отношение	NOUN	_	Animacy=Inan|Case=Ins|Gender=Neut|Number=Plur	_	_	_	@kvg1990f-words#@kvg1990f#1864.005#1864.5
575	те	тот	DET	_	Case=Acc|Number=Plur	_	_	_	@kvg1990f-words#@kvg1990f#1864.5#1864.996
576	/	/	PUNCT	_	_	_	_	_	@kvg1990f-words#@kvg1990f#1864.996#1865.491
577	где	где	ADV	_	Degree=Pos	_	_	_	@kvg1990f-words#@kvg1990f#1865.491#1865.986
578	партнёры	партнёр	NOUN	_	Animacy=Inan|Case=Nom|Gender=Fem|Number=Plur	_	_	_	@kvg1990f-words#@kvg1990f#1865.986#1866.481
579	где	где	ADV	_	Degree=Pos	_	_	_	@kvg1990f-words#@kvg1990f#1866.481#1866.977
580	кто-то	кто-то	PRON	_	Case=Nom	_	_	_	@kvg1990f-words#@kvg1990f#1866.977#1867.472
581	кого-то	кто-то	PRON	_	Case=Acc	_	_	_	@kvg1990f-words#@kvg1990f#1867.472#1867.967
582	воспитывает	воспитывать	VERB	_	Aspect=Imp|Mood=Ind|Number=Sing|Person=3|Tense=Pres|VerbForm=Fin|Voice=Act	_	_	_	@kvg1990f-words#@kvg1990f#1867.967#1868.463
583	они	они	PRON	_	Case=Nom|Number=Plur|Person=3	_	_	_	@kvg1990f-words#@kvg1990f#1868.689#1868.993
584	там	там	ADV	_	Degree=Pos	_	_	_	@kvg1990f-words#@kvg1990f#1868.993#1869.298
585	будут	быть	AUX	_	Aspect=Imp|Mood=Ind|Number=Plur|Person=3|Tense=Pres|VerbForm=Fin|Voice=Act	_	_	_	@kvg1990f-words#@kvg1990f#1869.298#1869.603
586	постоянно	постоянно	ADV	_	Degree=Pos	_	_	_	@kvg1990f-words#@kvg1990f#1869.603#1869.907
587	недовольные	недовольный	ADJ	_	Case=Nom|Degree=Pos|Number=Plur	_	_	_	@kvg1990f-words#@kvg1990f#1869.907#1870.212
588	это	это	PRON	_	Animacy=Inan|Case=Nom|Gender=Neut|Number=Sing	_	_	_	@kvg1990f-words#@kvg1990f#1870.212#1870.517
589	закончится	закончиться	VERB	_	Aspect=Perf|Mood=Ind|Number=Sing|Person=3|Tense=Fut|VerbForm=Fin|Voice=Mid	_	_	_	@kvg1990f-words#@kvg1990f#1870.517#1870.821
590	плохо	плохо	ADV	_	Degree=Pos	_	_	_	@kvg1990f-words#@kvg1990f#1870.821#1871.126
591	рано	рано	ADV	_	Degree=Pos	_	_	_	@kvg1990f-words#@kvg1990f#1871.126#1871.431
592	или	или	CCONJ	_	_	_	_	_	@kvg1990f-words#@kvg1990f#1871.431#1871.735
593	поздно	поздно	ADV	_	Degree=Pos	_	_	_	@kvg1990f-words#@kvg1990f#1871.735#1872.04
594	только	только	PART	_	_	_	_	_	@kvg1990f-words#@kvg1990f#1872.04#1872.345
595	кто-то	кто-то	PRON	_	Case=Nom	_	_	_	@kvg1990f-words#@kvg1990f#1872.345#1872.649
596	протянет	протянуть	VERB	_	Aspect=Perf|Mood=Ind|Number=Sing|Person=3|Tense=Fut|VerbForm=Fin|Voice=Act	_	_	_	@kvg1990f-words#@kvg1990f#1872.649#1872.954
597	это	это	PRON	_	Animacy=Inan|Case=Acc|Gender=Neut|Number=Sing	_	_	_	@kvg1990f-words#@kvg1990f#1872.954#1873.259
598	на	на	ADP	_	_	_	_	_	@kvg1990f-words#@kvg1990f#1873.259#1873.563
599	двадцать	двадцать	NUM	_	Case=Acc	_	_	_	@kvg1990f-words#@kvg1990f#1873.563#1873.868
600	лет	год	NOUN	_	Animacy=Inan|Case=Gen|Gender=Masc|Number=Plur	_	_	_	@kvg1990f-words#@kvg1990f#1873.868#1874.173
601	а	а	CCONJ	_	_	_	_	_	@kvg1990f-words#@kvg1990f#1874.173#1874.477
602	потом	потом	ADV	_	Degree=Pos	_	_	_	@kvg1990f-words#@kvg1990f#1874.477#1874.782
603	скажет	сказать	VERB	_	Aspect=Perf|Mood=Ind|Number=Sing|Person=3|Tense=Fut|VerbForm=Fin|Voice=Act	_	_	_	@kvg1990f-words#@kvg1990f#1874.782#1875.087
604	я	я	PRON	_	Case=Nom|Number=Sing|Person=1	_	_	_	@kvg1990f-words#@kvg1990f#1875.087#1875.391
605	всю	весь	DET	_	Case=Acc|Gender=Fem|Number=Sing	_	_	_	@kvg1990f-words#@kvg1990f#1875.391#1875.696
606	свою	свой	DET	_	Case=Acc|Gender=Fem|Number=Sing	_	_	_	@kvg1990f-words#@kvg1990f#1875.696#1876.001
607	молодость	молодость	NOUN	_	Animacy=Inan|Case=Acc|Gender=Fem|Number=Sing	_	_	_	@kvg1990f-words#@kvg1990f#1876.001#1876.305
608	потратил	тратить	VERB	_	Aspect=Perf|Gender=Masc|Mood=Ind|Number=Sing|Tense=Past|VerbForm=Fin|Voice=Act	_	_	_	@kvg1990f-words#@kvg1990f#1876.305#1876.61
609	/	/	PUNCT	_	_	_	_	_	@kvg1990f-words#@kvg1990f#1876.61#1876.915
610	и	и	CCONJ	_	_	_	_	_	@kvg1990f-words#@kvg1990f#1876.915#1877.219
611	зря	зря	ADV	_	Degree=Pos	_	_	_	@kvg1990f-words#@kvg1990f#1877.219#1877.524
612	я	я	PRON	_	Case=Nom|Number=Sing|Person=1	_	_	_	@kvg1990f-words#@kvg1990f#1877.524#1877.829
613	короче	коротко	ADV	_	Degree=Cmp	_	_	_	@kvg1990f-words#@kvg1990f#1877.829#1878.133
614	мучился	мучиться	VERB	_	Aspect=Perf|Gender=Masc|Mood=Ind|Number=Sing|Tense=Past|VerbForm=Fin|Voice=Mid	_	_	_	@kvg1990f-words#@kvg1990f#1878.133#1878.438
615	там	там	ADV	_	Degree=Pos	_	_	_	@kvg1990f-words#@kvg1990f#1878.438#1878.743
616	надо	надо	ADV	_	Degree=Pos	_	_	_	@kvg1990f-words#@kvg1990f#1878.743#1879.047
617	было	быть	AUX	_	Aspect=Imp|Gender=Neut|Mood=Ind|Number=Sing|Tense=Past|VerbForm=Fin|Voice=Act	_	_	_	@kvg1990f-words#@kvg1990f#1879.047#1879.352
618	раньше	рано	ADV	_	Degree=Cmp	_	_	_	@kvg1990f-words#@kvg1990f#1879.352#1879.657
619	/	/	PUNCT	_	_	_	_	_	@kvg1990f-words#@kvg1990f#1879.657#1879.962
620	а	а	CCONJ	_	_	_	_	_	@kvg1990f-words#@kvg1990f#1879.962#1880.266
621	кто-то	кто-то	PRON	_	Case=Nom	_	_	_	@kvg1990f-words#@kvg1990f#1880.266#1880.571
622	скажет	сказать	VERB	_	Aspect=Perf|Mood=Ind|Number=Sing|Person=3|Tense=Fut|VerbForm=Fin|Voice=Act	_	_	_	@kvg1990f-words#@kvg1990f#1880.571#1880.876
623	спасибо	спасибо	NOUN	_	Animacy=Inan|Case=Acc|Gender=Neut|Number=Sing	_	_	_	@kvg1990f-words#@kvg1990f#1880.876#1881.18
624	/	/	PUNCT	_	_	_	_	_	@kvg1990f-words#@kvg1990f#1881.18#1881.485
625	мы	мы	PRON	_	Case=Nom|Number=Plur|Person=1	_	_	_	@kvg1990f-words#@kvg1990f#1881.485#1881.79
626	там	там	ADV	_	Degree=Pos	_	_	_	@kvg1990f-words#@kvg1990f#1881.79#1882.094
627	с	с	ADP	_	_	_	_	_	@kvg1990f-words#@kvg1990f#1882.094#1882.399
628	этого	это	PRON	_	Animacy=Inan|Case=Gen|Gender=Neut|Number=Sing	_	_	_	@kvg1990f-words#@kvg1990f#1882.399#1882.704
629	подчерпнули	подчерпнуть	VERB	_	Aspect=Perf|Mood=Ind|Number=Plur|Tense=Past|VerbForm=Fin|Voice=Act	_	_	_	@kvg1990f-words#@kvg1990f#1882.704#1883.008
630	давай	давать	VERB	_	Aspect=Imp|Mood=Imp|Number=Sing|Person=2|VerbForm=Fin|Voice=Act	_	_	_	@kvg1990f-words#@kvg1990f#1883.008#1883.313
631	теперь	теперь	ADV	_	Degree=Pos	_	_	_	@kvg1990f-words#@kvg1990f#1883.313#1883.618
632	по-новому	по-новому	ADV	_	Degree=Pos	_	_	_	@kvg1990f-words#@kvg1990f#1883.618#1883.922
633	/	/	PUNCT	_	_	_	_	_	@kvg1990f-words#@kvg1990f#1883.922#1884.227
634	ну	ну	PART	_	_	_	_	_	@kvg1990f-words#@kvg1990f#1884.227#1884.532
635	/	/	PUNCT	_	_	_	_	_	@kvg1990f-words#@kvg1990f#1884.532#1884.836
636	понимаете	понимать	VERB	_	Aspect=Imp|Mood=Ind|Number=Plur|Person=2|Tense=Pres|VerbForm=Fin|Voice=Act	_	_	_	@kvg1990f-words#@kvg1990f#1884.836#1885.141
637	как	как	SCONJ	_	_	_	_	_	@kvg1990f-words#@kvg1990f#1885.141#1885.446
638	и	и	PART	_	_	_	_	_	@kvg1990f-words#@kvg1990f#1885.446#1885.75
639	эта	этот	DET	_	Case=Nom|Gender=Fem|Number=Sing	_	_	_	@kvg1990f-words#@kvg1990f#1885.75#1886.055
640	жизнь	жизнь	NOUN	_	Animacy=Inan|Case=Nom|Gender=Fem|Number=Sing	_	_	_	@kvg1990f-words#@kvg1990f#1886.055#1886.36
641	не	не	PART	_	_	_	_	_	@kvg1990f-words#@kvg1990f#1886.36#1886.664
642	вечна	вечный	ADJ	_	Degree=Pos|Gender=Fem|Number=Sing|Variant=Short	_	_	_	@kvg1990f-words#@kvg1990f#1886.664#1886.969
643	так	так	ADV	_	Degree=Pos	_	_	_	@kvg1990f-words#@kvg1990f#1886.969#1887.274
644	и	и	PART	_	_	_	_	_	@kvg1990f-words#@kvg1990f#1887.274#1887.578
645	наши	наш	DET	_	Case=Nom|Number=Plur	_	_	_	@kvg1990f-words#@kvg1990f#1887.578#1887.883
646	чувства	чувство	NOUN	_	Animacy=Inan|Case=Nom|Gender=Neut|Number=Plur	_	_	_	@kvg1990f-words#@kvg1990f#1887.883#1888.188
647	не	не	PART	_	_	_	_	_	@kvg1990f-words#@kvg1990f#1888.188#1888.492
648	вечны	вечный	ADJ	_	Degree=Pos|Number=Plur|Variant=Short	_	_	_	@kvg1990f-words#@kvg1990f#1888.492#1888.797
649	и	и	CCONJ	_	_	_	_	_	@kvg1990f-words#@kvg1990f#1888.797#1889.102
650	я	я	PRON	_	Case=Nom|Number=Sing|Person=1	_	_	_	@kvg1990f-words#@kvg1990f#1889.102#1889.406
651	вот	вот	PART	_	_	_	_	_	@kvg1990f-words#@kvg1990f#1889.406#1889.711
652	поняла	понять	VERB	_	Aspect=Perf|Gender=Fem|Mood=Ind|Number=Sing|Tense=Past|VerbForm=Fin|Voice=Act	_	_	_	@kvg1990f-words#@kvg1990f#1889.711#1890.016
653	/	/	PUNCT	_	_	_	_	_	@kvg1990f-words#@kvg1990f#1890.016#1890.321
654	что	что	SCONJ	_	_	_	_	_	@kvg1990f-words#@kvg1990f#1890.321#1890.625
655	нужно	нужный	ADJ	_	Degree=Pos|Gender=Neut|Number=Sing|Variant=Short	_	_	_	@kvg1990f-words#@kvg1990f#1890.625#1890.93
656	очень	очень	ADV	_	Degree=Pos	_	_	_	@kvg1990f-words#@kvg1990f#1890.93#1891.235
657	сильно	сильно	ADV	_	Degree=Pos	_	_	_	@kvg1990f-words#@kvg1990f#1891.235#1891.539
658	ценить	ценить	VERB	_	Aspect=Imp|VerbForm=Inf|Voice=Act	_	_	_	@kvg1990f-words#@kvg1990f#1891.539#1891.844
659	и	и	CCONJ	_	_	_	_	_	@kvg1990f-words#@kvg1990f#1891.844#1892.149
660	уважать	уважать	VERB	_	Aspect=Imp|VerbForm=Inf|Voice=Act	_	_	_	@kvg1990f-words#@kvg1990f#1892.149#1892.453
661	но	но	CCONJ	_	_	_	_	_	@kvg1990f-words#@kvg1990f#1892.453#1892.758
662	вот	вот	PART	_	_	_	_	_	@kvg1990f-words#@kvg1990f#1892.758#1893.063
663	это	это	PRON	_	Animacy=Inan|Case=Nom|Gender=Neut|Number=Sing	_	_	_	@kvg1990f-words#@kvg1990f#1893.063#1893.367
664	вот	вот	PART	_	_	_	_	_	@kvg1990f-words#@kvg1990f#1893.367#1893.672
665	все...всем...весь	все...всем...весь	DET	_	Case=Acc|Gender=Masc|Number=Sing	_	_	_	@kvg1990f-words#@kvg1990f#1893.672#1893.977
666	мой	мой	DET	_	Case=Acc|Gender=Masc|Number=Sing	_	_	_	@kvg1990f-words#@kvg1990f#1893.977#1894.281
667	опыт	опыт	NOUN	_	Animacy=Inan|Case=Acc|Gender=Masc|Number=Sing	_	_	_	@kvg1990f-words#@kvg1990f#1894.281#1894.586
668	да	да	CCONJ	_	_	_	_	_	@kvg1990f-words#@kvg1990f#1894.586#1894.891
669	он	он	PRON	_	Case=Nom|Gender=Masc|Number=Sing|Person=3	_	_	_	@kvg1990f-words#@kvg1990f#1894.891#1895.195
670	привёл	привести	VERB	_	Aspect=Perf|Gender=Masc|Mood=Ind|Number=Sing|Tense=Past|VerbForm=Fin|Voice=Act	_	_	_	@kvg1990f-words#@kvg1990f#1895.195#1895.5
671	меня	я	PRON	_	Case=Acc|Number=Sing|Person=1	_	_	_	@kvg1990f-words#@kvg1990f#1895.5#1895.805
672	к	к	ADP	_	_	_	_	_	@kvg1990f-words#@kvg1990f#1895.805#1896.109
673	тому	то	PRON	_	Animacy=Inan|Case=Dat|Gender=Neut|Number=Sing	_	_	_	@kvg1990f-words#@kvg1990f#1896.109#1896.414
674	что	что	SCONJ	_	_	_	_	_	@kvg1990f-words#@kvg1990f#1896.414#1896.719
675	нужно	нужный	ADJ	_	Degree=Pos|Gender=Neut|Number=Sing|Variant=Short	_	_	_	@kvg1990f-words#@kvg1990f#1896.719#1897.023
676	быть	быть	AUX	_	Aspect=Imp|VerbForm=Inf|Voice=Act	_	_	_	@kvg1990f-words#@kvg1990f#1897.023#1897.328
677	честной	честный	ADJ	_	Case=Ins|Degree=Pos|Gender=Fem|Number=Sing	_	_	_	@kvg1990f-words#@kvg1990f#1897.328#1897.633
678	открытой	открытый	ADJ	_	Case=Ins|Degree=Pos|Gender=Fem|Number=Sing	_	_	_	@kvg1990f-words#@kvg1990f#1897.633#1897.937
679	откровенной	откровенный	ADJ	_	Case=Ins|Degree=Pos|Gender=Fem|Number=Sing	_	_	_	@kvg1990f-words#@kvg1990f#1897.937#1898.242
680	/	/	PUNCT	_	_	_	_	_	@kvg1990f-words#@kvg1990f#1898.242#1898.547
681	и	и	CCONJ	_	_	_	_	_	@kvg1990f-words#@kvg1990f#1898.547#1898.851
682	ответственной	ответственный	ADJ	_	Case=Loc|Degree=Pos|Gender=Fem|Number=Sing	_	_	_	@kvg1990f-words#@kvg1990f#1898.851#1899.156
683	за	за	ADP	_	_	_	_	_	@kvg1990f-words#@kvg1990f#1899.156#1899.461
684	свои	свой	DET	_	Case=Acc|Number=Plur	_	_	_	@kvg1990f-words#@kvg1990f#1899.461#1899.765
685	поступки	поступок	NOUN	_	Animacy=Inan|Case=Acc|Gender=Masc|Number=Plur	_	_	_	@kvg1990f-words#@kvg1990f#1899.765#1900.07
686	и	и	CCONJ	_	_	_	_	_	@kvg1990f-words#@kvg1990f#1900.07#1900.375
687	слова	слово	NOUN	_	Animacy=Inan|Case=Acc|Gender=Neut|Number=Plur	_	_	_	@kvg1990f-words#@kvg1990f#1900.375#1900.68
688	вот	вот	PART	_	_	_	_	_	@kvg1990f-words#@kvg1990f#1901.125#1901.447
689	/	/	PUNCT	_	_	_	_	_	@kvg1990f-words#@kvg1990f#1901.447#1901.769
690	поэтому	поэтому	ADV	_	Degree=Pos	_	_	_	@kvg1990f-words#@kvg1990f#1901.769#1902.092
691	то	то	SCONJ	_	_	_	_	_	@kvg1990f-words#@kvg1990f#1902.092#1902.414
692	о	о	ADP	_	_	_	_	_	@kvg1990f-words#@kvg1990f#1902.414#1902.737
693	чём	что	PRON	_	Case=Loc	_	_	_	@kvg1990f-words#@kvg1990f#1902.737#1903.059
694	там	там	ADV	_	Degree=Pos	_	_	_	@kvg1990f-words#@kvg1990f#1903.059#1903.382
695	речь	речь	NOUN	_	Animacy=Inan|Case=Nom|Gender=Fem|Number=Sing	_	_	_	@kvg1990f-words#@kvg1990f#1903.382#1903.704
696	шла	идти	VERB	_	Aspect=Imp|Gender=Fem|Mood=Ind|Number=Sing|Tense=Past|VerbForm=Fin|Voice=Act	_	_	_	@kvg1990f-words#@kvg1990f#1903.704#1904.026
697	/	/	PUNCT	_	_	_	_	_	@kvg1990f-words#@kvg1990f#1904.026#1904.349
698	в	в	ADP	_	_	_	_	_	@kvg1990f-words#@kvg1990f#1904.349#1904.671
699	вопросе	вопрос	NOUN	_	Animacy=Inan|Case=Loc|Gender=Masc|Number=Sing	_	_	_	@kvg1990f-words#@kvg1990f#1904.671#1904.994
700	/	/	PUNCT	_	_	_	_	_	@kvg1990f-words#@kvg1990f#1904.994#1905.316
701	сейчас	сейчас	ADV	_	Degree=Pos	_	_	_	@kvg1990f-words#@kvg1990f#1905.316#1905.639
702	за	за	ADP	_	_	_	_	_	@kvg1990f-words#@kvg1990f#1905.639#1905.961
703	какие-т...	какие-т...	PROPN	_	Animacy=Anim|Case=Ins|Gender=Fem|Number=Sing	_	_	_	@kvg1990f-words#@kvg1990f#1905.961#1906.283
704	ну	ну	PART	_	_	_	_	_	@kvg1990f-words#@kvg1990f#1906.283#1906.606
705	сейчас	сейчас	ADV	_	Degree=Pos	_	_	_	@kvg1990f-words#@kvg1990f#1906.606#1906.928
706	бы	бы	AUX	_	_	_	_	_	@kvg1990f-words#@kvg1990f#1906.928#1907.251
707	я	я	PRON	_	Case=Nom|Number=Sing|Person=1	_	_	_	@kvg1990f-words#@kvg1990f#1907.251#1907.573
708	уже	уже	ADV	_	Degree=Pos	_	_	_	@kvg1990f-words#@kvg1990f#1907.573#1907.896
709	так	так	ADV	_	Degree=Pos	_	_	_	@kvg1990f-words#@kvg1990f#1907.896#1908.218
710	не	не	PART	_	_	_	_	_	@kvg1990f-words#@kvg1990f#1908.218#1908.541
711	говорила	говорить	VERB	_	Aspect=Imp|Gender=Fem|Mood=Ind|Number=Sing|Tense=Past|VerbForm=Fin|Voice=Act	_	_	_	@kvg1990f-words#@kvg1990f#1908.541#1908.863
712	/	/	PUNCT	_	_	_	_	_	@kvg1990f-words#@kvg1990f#1908.863#1909.185
713	это	это	PRON	_	Animacy=Inan|Case=Nom|Gender=Neut|Number=Sing	_	_	_	@kvg1990f-words#@kvg1990f#1909.185#1909.508
714	была	быть	AUX	_	Aspect=Imp|Gender=Fem|Mood=Ind|Number=Sing|Tense=Past|VerbForm=Fin|Voice=Act	_	_	_	@kvg1990f-words#@kvg1990f#1909.508#1909.83
715	я	я	PRON	_	Case=Nom|Number=Sing|Person=1	_	_	_	@kvg1990f-words#@kvg1990f#1909.83#1910.153
716	в	в	ADP	_	_	_	_	_	@kvg1990f-words#@kvg1990f#1910.153#1910.475
717	прошлом	прошлое	NOUN	_	Animacy=Inan|Case=Loc|Gender=Neut|Number=Sing	_	_	_	@kvg1990f-words#@kvg1990f#1910.475#1910.798
718	/	/	PUNCT	_	_	_	_	_	@kvg1990f-words#@kvg1990f#1910.798#1911.12
719	и	и	CCONJ	_	_	_	_	_	@kvg1990f-words#@kvg1990f#1911.12#1911.442
720	я	я	PRON	_	Case=Nom|Number=Sing|Person=1	_	_	_	@kvg1990f-words#@kvg1990f#1911.442#1911.765
721	себя	себя	PRON	_	Case=Acc	_	_	_	@kvg1990f-words#@kvg1990f#1911.765#1912.087
722	принимаю	принимать	VERB	_	Aspect=Imp|Mood=Ind|Number=Sing|Person=1|Tense=Pres|VerbForm=Fin|Voice=Act	_	_	_	@kvg1990f-words#@kvg1990f#1912.087#1912.41
723	такой	такой	DET	_	Case=Ins|Gender=Fem|Number=Sing	_	_	_	@kvg1990f-words#@kvg1990f#1912.41#1912.732
724	какой	какой	DET	_	Case=Ins|Gender=Fem|Number=Sing	_	_	_	@kvg1990f-words#@kvg1990f#1912.732#1913.055
725	я	я	PRON	_	Case=Nom|Number=Sing|Person=1	_	_	_	@kvg1990f-words#@kvg1990f#1913.055#1913.377
726	была	быть	AUX	_	Aspect=Imp|Gender=Fem|Mood=Ind|Number=Sing|Tense=Past|VerbForm=Fin|Voice=Act	_	_	_	@kvg1990f-words#@kvg1990f#1913.377#1913.7
727	человеком	человек	NOUN	_	Animacy=Anim|Case=Ins|Gender=Masc|Number=Sing	_	_	_	@kvg1990f-words#@kvg1990f#1915.9#1916.241
728	/	/	PUNCT	_	_	_	_	_	@kvg1990f-words#@kvg1990f#1916.241#1916.583
729	которому	который	PRON	_	Case=Dat	_	_	_	@kvg1990f-words#@kvg1990f#1916.583#1916.925
730	вот	вот	PART	_	_	_	_	_	@kvg1990f-words#@kvg1990f#1916.925#1917.267
731	казалось	казаться	VERB	_	Aspect=Imp|Gender=Neut|Mood=Ind|Number=Sing|Tense=Past|VerbForm=Fin|Voice=Mid	_	_	_	@kvg1990f-words#@kvg1990f#1917.267#1917.608
732	что	что	SCONJ	_	_	_	_	_	@kvg1990f-words#@kvg1990f#1917.608#1917.95
733	все	весь	PRON	_	Animacy=Anim|Case=Nom|Number=Plur	_	_	_	@kvg1990f-words#@kvg1990f#1917.95#1918.292
734	ему	он	PRON	_	Case=Dat|Gender=Masc|Number=Sing|Person=3	_	_	_	@kvg1990f-words#@kvg1990f#1918.292#1918.634
735	/	/	PUNCT	_	_	_	_	_	@kvg1990f-words#@kvg1990f#1918.634#1918.975
736	ну	ну	PART	_	_	_	_	_	@kvg1990f-words#@kvg1990f#1918.975#1919.317
737	мешают	мешать	VERB	_	Aspect=Imp|Mood=Ind|Number=Plur|Person=3|Tense=Pres|VerbForm=Fin|Voice=Act	_	_	_	@kvg1990f-words#@kvg1990f#1919.317#1919.659
738	вот	вот	PART	_	_	_	_	_	@kvg1990f-words#@kvg1990f#1919.659#1920.001
739	хотя	хотя	PART	_	_	_	_	_	@kvg1990f-words#@kvg1990f#1920.001#1920.342
740	/	/	PUNCT	_	_	_	_	_	@kvg1990f-words#@kvg1990f#1920.342#1920.684
741	хотя	хотя	SCONJ	_	_	_	_	_	@kvg1990f-words#@kvg1990f#1920.684#1921.026
742	по	по	ADP	_	_	_	_	_	@kvg1990f-words#@kvg1990f#1921.026#1921.368
743	сути	суть	NOUN	_	Animacy=Inan|Case=Dat|Gender=Fem|Number=Sing	_	_	_	@kvg1990f-words#@kvg1990f#1921.368#1921.709
744	была	быть	AUX	_	Aspect=Imp|Gender=Fem|Mood=Ind|Number=Sing|Tense=Past|VerbForm=Fin|Voice=Act	_	_	_	@kvg1990f-words#@kvg1990f#1921.709#1922.051
745	бы	бы	AUX	_	_	_	_	_	@kvg1990f-words#@kvg1990f#1922.051#1922.393
746	я	я	PRON	_	Case=Nom|Number=Sing|Person=1	_	_	_	@kvg1990f-words#@kvg1990f#1922.393#1922.735
747	сейчас	сейчас	ADV	_	Degree=Pos	_	_	_	@kvg1990f-words#@kvg1990f#1922.735#1923.076
748	я	я	PRON	_	Case=Nom|Number=Sing|Person=1	_	_	_	@kvg1990f-words#@kvg1990f#1923.076#1923.418
749	бы	бы	AUX	_	_	_	_	_	@kvg1990f-words#@kvg1990f#1923.418#1923.76
750	сказала	сказать	VERB	_	Aspect=Perf|Gender=Fem|Mood=Ind|Number=Sing|Tense=Past|VerbForm=Fin|Voice=Act	_	_	_	@kvg1990f-words#@kvg1990f#1923.76#1924.102
751	ребя...	ребя...	PROPN	_	Animacy=Anim|Case=Dat|Gender=Fem|Number=Sing	_	_	_	@kvg1990f-words#@kvg1990f#1924.102#1924.443
752	ну	ну	PART	_	_	_	_	_	@kvg1990f-words#@kvg1990f#1924.443#1924.785
753	кому-то	кто-то	PRON	_	Case=Dat	_	_	_	@kvg1990f-words#@kvg1990f#1924.785#1925.127
754	ж	же	PART	_	_	_	_	_	@kvg1990f-words#@kvg1990f#1925.127#1925.469
755	это	это	PRON	_	Animacy=Inan|Case=Nom|Gender=Neut|Number=Sing	_	_	_	@kvg1990f-words#@kvg1990f#1925.469#1925.81
756	не	не	PART	_	_	_	_	_	@kvg1990f-words#@kvg1990f#1925.81#1926.152
757	нравится	нравиться	VERB	_	Aspect=Imp|Mood=Ind|Number=Sing|Person=3|Tense=Pres|VerbForm=Fin|Voice=Mid	_	_	_	@kvg1990f-words#@kvg1990f#1926.152#1926.494
758	/	/	PUNCT	_	_	_	_	_	@kvg1990f-words#@kvg1990f#1926.494#1926.836
759	до	до	ADP	_	_	_	_	_	@kvg1990f-words#@kvg1990f#1926.836#1927.177
760	свидания	свидание	NOUN	_	Animacy=Inan|Case=Gen|Gender=Neut|Number=Sing	_	_	_	@kvg1990f-words#@kvg1990f#1927.177#1927.519
761	ну	ну	PART	_	_	_	_	_	@kvg1990f-words#@kvg1990f#1927.519#1927.861
762	как	как	ADV	_	Degree=Pos	_	_	_	@kvg1990f-words#@kvg1990f#1927.861#1928.203
763	бы	бы	PART	_	_	_	_	_	@kvg1990f-words#@kvg1990f#1928.203#1928.544
764	и	и	PART	_	_	_	_	_	@kvg1990f-words#@kvg1990f#1928.544#1928.886
765	нормально	нормально	ADV	_	Degree=Pos	_	_	_	@kvg1990f-words#@kvg1990f#1928.886#1929.228
766	у	у	ADP	_	_	_	_	_	@kvg1990f-words#@kvg1990f#1929.228#1929.57
767	меня	я	PRON	_	Case=Gen|Number=Sing|Person=1	_	_	_	@kvg1990f-words#@kvg1990f#1929.57#1929.911
768	вот	вот	PART	_	_	_	_	_	@kvg1990f-words#@kvg1990f#1929.911#1930.253
769	есть	быть	VERB	_	Aspect=Imp|Mood=Ind|Number=Sing|Person=3|Tense=Pres|VerbForm=Fin|Voice=Act	_	_	_	@kvg1990f-words#@kvg1990f#1930.253#1930.595
770	свой	свой	DET	_	Case=Nom|Gender=Masc|Number=Sing	_	_	_	@kvg1990f-words#@kvg1990f#1930.595#1930.937
771	план	план	NOUN	_	Animacy=Inan|Case=Nom|Gender=Masc|Number=Sing	_	_	_	@kvg1990f-words#@kvg1990f#1930.937#1931.278
772	/	/	PUNCT	_	_	_	_	_	@kvg1990f-words#@kvg1990f#1931.278#1931.62
773	а	а	CCONJ	_	_	_	_	_	@kvg1990f-words#@kvg1990f#1931.62#1931.962
774	тогда	тогда	ADV	_	Degree=Pos	_	_	_	@kvg1990f-words#@kvg1990f#1931.962#1932.304
775	вот	вот	PART	_	_	_	_	_	@kvg1990f-words#@kvg1990f#1932.304#1932.645
776	я	я	PRON	_	Case=Nom|Number=Sing|Person=1	_	_	_	@kvg1990f-words#@kvg1990f#1932.645#1932.987
777	это	это	PRON	_	Animacy=Inan|Case=Acc|Gender=Neut|Number=Sing	_	_	_	@kvg1990f-words#@kvg1990f#1932.987#1933.329
778	мусолила	мусолить	VERB	_	Aspect=Perf|Gender=Fem|Mood=Ind|Number=Sing|Tense=Past|VerbForm=Fin|Voice=Act	_	_	_	@kvg1990f-words#@kvg1990f#1933.329#1933.671
779	/	/	PUNCT	_	_	_	_	_	@kvg1990f-words#@kvg1990f#1933.671#1934.012
780	ну	ну	PART	_	_	_	_	_	@kvg1990f-words#@kvg1990f#1934.012#1934.354
781	опять-таки	опять-таки	ADV	_	Degree=Pos	_	_	_	@kvg1990f-words#@kvg1990f#1934.354#1934.696
782	/	/	PUNCT	_	_	_	_	_	@kvg1990f-words#@kvg1990f#1934.696#1935.038
783	у	у	ADP	_	_	_	_	_	@kvg1990f-words#@kvg1990f#1935.038#1935.379
784	всех	все	PRON	_	Animacy=Anim|Case=Gen|Number=Plur	_	_	_	@kvg1990f-words#@kvg1990f#1935.379#1935.721
785	в	в	ADP	_	_	_	_	_	@kvg1990f-words#@kvg1990f#1935.721#1936.063
786	своё	свой	DET	_	Case=Acc|Gender=Neut|Number=Sing	_	_	_	@kvg1990f-words#@kvg1990f#1936.063#1936.405
787	время	время	NOUN	_	Animacy=Inan|Case=Acc|Gender=Neut|Number=Sing	_	_	_	@kvg1990f-words#@kvg1990f#1936.405#1936.746
788	приходит	прийти	VERB	_	Aspect=Imp|Mood=Ind|Number=Sing|Person=3|Tense=Pres|VerbForm=Fin|Voice=Act	_	_	_	@kvg1990f-words#@kvg1990f#1936.746#1937.088
789	/	/	PUNCT	_	_	_	_	_	@kvg1990f-words#@kvg1990f#1937.088#1937.43
790	простые	простой	ADJ	_	Animacy=Inan|Case=Acc|Degree=Pos|Number=Plur	_	_	_	@kvg1990f-words#@kvg1990f#1937.43#1937.772
791	вещи	вещь	NOUN	_	Animacy=Inan|Case=Acc|Gender=Fem|Number=Plur	_	_	_	@kvg1990f-words#@kvg1990f#1937.772#1938.113
792	женские	женский	ADJ	_	Case=Nom|Degree=Pos|Number=Plur	_	_	_	@kvg1990f-words#@kvg1990f#1938.113#1938.455
793	которые	который	PRON	_	Case=Nom	_	_	_	@kvg1990f-words#@kvg1990f#1938.455#1938.797
794	/	/	PUNCT	_	_	_	_	_	@kvg1990f-words#@kvg1990f#1938.797#1939.139
795	раньше	рано	ADV	_	Degree=Cmp	_	_	_	@kvg1990f-words#@kvg1990f#1939.139#1939.48
796	ты	ты	PRON	_	Case=Nom|Number=Sing|Person=2	_	_	_	@kvg1990f-words#@kvg1990f#1939.48#1939.822
797	не	не	PART	_	_	_	_	_	@kvg1990f-words#@kvg1990f#1939.822#1940.164
798	понимал	понимать	VERB	_	Aspect=Imp|Gender=Masc|Mood=Ind|Number=Sing|Tense=Past|VerbForm=Fin|Voice=Act	_	_	_	@kvg1990f-words#@kvg1990f#1940.164#1940.506
799	/	/	PUNCT	_	_	_	_	_	@kvg1990f-words#@kvg1990f#1940.506#1940.847
800	нужен	нужный	ADJ	_	Degree=Pos|Gender=Masc|Number=Sing|Variant=Short	_	_	_	@kvg1990f-words#@kvg1990f#1940.847#1941.189
801	хороший	хороший	ADJ	_	Case=Nom|Degree=Pos|Gender=Masc|Number=Sing	_	_	_	@kvg1990f-words#@kvg1990f#1941.189#1941.531
802	сон	сон	NOUN	_	Animacy=Inan|Case=Nom|Gender=Masc|Number=Sing	_	_	_	@kvg1990f-words#@kvg1990f#1941.531#1941.873
803	/	/	PUNCT	_	_	_	_	_	@kvg1990f-words#@kvg1990f#1941.873#1942.214
804	правильное	правильный	ADJ	_	Case=Nom|Degree=Pos|Gender=Neut|Number=Sing	_	_	_	@kvg1990f-words#@kvg1990f#1942.214#1942.556
805	питание	питание	NOUN	_	Animacy=Inan|Case=Nom|Gender=Neut|Number=Sing	_	_	_	@kvg1990f-words#@kvg1990f#1942.556#1942.898
806	/	/	PUNCT	_	_	_	_	_	@kvg1990f-words#@kvg1990f#1942.898#1943.24
807	спокойствие	спокойствие	NOUN	_	Animacy=Inan|Case=Acc|Gender=Neut|Number=Sing	_	_	_	@kvg1990f-words#@kvg1990f#1943.24#1943.581
808	вот	вот	PART	_	_	_	_	_	@kvg1990f-words#@kvg1990f#1943.581#1943.923
809	/	/	PUNCT	_	_	_	_	_	@kvg1990f-words#@kvg1990f#1943.923#1944.265
810	поплакать	плакать	VERB	_	Aspect=Imp|VerbForm=Inf|Voice=Act	_	_	_	@kvg1990f-words#@kvg1990f#1944.265#1944.607
811	нужно	нужный	ADJ	_	Degree=Pos|Gender=Neut|Number=Sing|Variant=Short	_	_	_	@kvg1990f-words#@kvg1990f#1944.607#1944.948
812	можно	можно	ADV	_	Degree=Pos	_	_	_	@kvg1990f-words#@kvg1990f#1944.948#1945.29
813	/	/	PUNCT	_	_	_	_	_	@kvg1990f-words#@kvg1990f#1945.29#1945.632
814	психануть	психануть	VERB	_	Aspect=Perf|VerbForm=Inf|Voice=Act	_	_	_	@kvg1990f-words#@kvg1990f#1945.632#1945.974
815	закатить	закатить	VERB	_	Aspect=Perf|VerbForm=Inf|Voice=Act	_	_	_	@kvg1990f-words#@kvg1990f#1945.974#1946.315
816	там	там	ADV	_	Degree=Pos	_	_	_	@kvg1990f-words#@kvg1990f#1946.315#1946.657
817	скандал	скандал	NOUN	_	Animacy=Inan|Case=Acc|Gender=Masc|Number=Sing	_	_	_	@kvg1990f-words#@kvg1990f#1946.657#1946.999
818	тоже	тоже	PART	_	_	_	_	_	@kvg1990f-words#@kvg1990f#1946.999#1947.341
819	иногда	иногда	ADV	_	Degree=Pos	_	_	_	@kvg1990f-words#@kvg1990f#1947.341#1947.682
820	не	не	PART	_	_	_	_	_	@kvg1990f-words#@kvg1990f#1947.682#1948.024
821	помешает	мешать	VERB	_	Aspect=Perf|Mood=Ind|Number=Sing|Person=3|Tense=Fut|VerbForm=Fin|Voice=Act	_	_	_	@kvg1990f-words#@kvg1990f#1948.024#1948.366
822	в	в	ADP	_	_	_	_	_	@kvg1990f-words#@kvg1990f#1948.366#1948.708
823	себе	себя	PRON	_	Case=Loc	_	_	_	@kvg1990f-words#@kvg1990f#1948.708#1949.049
824	тоже	тоже	PART	_	_	_	_	_	@kvg1990f-words#@kvg1990f#1949.049#1949.391
825	держать	держать	VERB	_	Aspect=Imp|VerbForm=Inf|Voice=Act	_	_	_	@kvg1990f-words#@kvg1990f#1949.391#1949.733
826	плохо	плохо	ADV	_	Degree=Pos	_	_	_	@kvg1990f-words#@kvg1990f#1949.733#1950.075
827	/	/	PUNCT	_	_	_	_	_	@kvg1990f-words#@kvg1990f#1950.075#1950.416
828	но	но	CCONJ	_	_	_	_	_	@kvg1990f-words#@kvg1990f#1950.416#1950.758
829	опять	опять	ADV	_	Degree=Pos	_	_	_	@kvg1990f-words#@kvg1990f#1950.758#1951.1
830	таки	таки	PART	_	_	_	_	_	@kvg1990f-words#@kvg1990f#1951.1#1951.442
831	быть	быть	AUX	_	Aspect=Imp|VerbForm=Inf|Voice=Act	_	_	_	@kvg1990f-words#@kvg1990f#1951.442#1951.783
832	истеричкой	истеричка	NOUN	_	Animacy=Inan|Case=Ins|Gender=Fem|Number=Sing	_	_	_	@kvg1990f-words#@kvg1990f#1951.783#1952.125
833	плохо	плохо	ADV	_	Degree=Pos	_	_	_	@kvg1990f-words#@kvg1990f#1952.125#1952.467
834	и	и	CCONJ	_	_	_	_	_	@kvg1990f-words#@kvg1990f#1952.467#1952.809
835	держать	держать	VERB	_	Aspect=Imp|VerbForm=Inf|Voice=Act	_	_	_	@kvg1990f-words#@kvg1990f#1952.809#1953.15
836	в	в	ADP	_	_	_	_	_	@kvg1990f-words#@kvg1990f#1953.15#1953.492
837	себе	себя	PRON	_	Case=Loc	_	_	_	@kvg1990f-words#@kvg1990f#1953.492#1953.834
838	тоже	тоже	PART	_	_	_	_	_	@kvg1990f-words#@kvg1990f#1953.834#1954.176
839	это	это	PRON	_	Animacy=Inan|Case=Nom|Gender=Neut|Number=Sing	_	_	_	@kvg1990f-words#@kvg1990f#1954.176#1954.517
840	закончится	закончиться	VERB	_	Aspect=Perf|Mood=Ind|Number=Sing|Person=3|Tense=Fut|VerbForm=Fin|Voice=Mid	_	_	_	@kvg1990f-words#@kvg1990f#1954.517#1954.859
841	потом	потом	ADV	_	Degree=Pos	_	_	_	@kvg1990f-words#@kvg1990f#1954.859#1955.201
842	какой-то	какой-то	DET	_	Case=Ins|Gender=Fem|Number=Sing	_	_	_	@kvg1990f-words#@kvg1990f#1955.201#1955.543
843	болезнью	болезнь	NOUN	_	Animacy=Inan|Case=Ins|Gender=Fem|Number=Sing	_	_	_	@kvg1990f-words#@kvg1990f#1955.543#1955.884
844	или	или	CCONJ	_	_	_	_	_	@kvg1990f-words#@kvg1990f#1955.884#1956.226
845	чем-то	что-то	PRON	_	Case=Ins	_	_	_	@kvg1990f-words#@kvg1990f#1956.226#1956.568
846	ещё	еще	ADV	_	Degree=Pos	_	_	_	@kvg1990f-words#@kvg1990f#1956.568#1956.91
847	а	а	CCONJ	_	_	_	_	_	@kvg1990f-words#@kvg1990f#1957.65#1958.002
848	вот	вот	PART	_	_	_	_	_	@kvg1990f-words#@kvg1990f#1958.002#1958.355
849	как-то	как-то	ADV	_	Degree=Pos	_	_	_	@kvg1990f-words#@kvg1990f#1958.355#1958.707
850	балансировать	балансировать	VERB	_	Aspect=Imp|VerbForm=Inf|Voice=Act	_	_	_	@kvg1990f-words#@kvg1990f#1958.707#1959.06
851	в	в	ADP	_	_	_	_	_	@kvg1990f-words#@kvg1990f#1959.06#1959.412
852	этом	это	PRON	_	Animacy=Inan|Case=Loc|Gender=Neut|Number=Sing	_	_	_	@kvg1990f-words#@kvg1990f#1959.412#1959.765
853	всём	весь	DET	_	Case=Loc|Gender=Neut|Number=Sing	_	_	_	@kvg1990f-words#@kvg1990f#1959.765#1960.118
854	анеглов	анегол	NOUN	_	Animacy=Anim|Case=Acc|Gender=Masc|Number=Plur	_	_	_	@kvg1990f-words#@kvg1990f#1961.14#1961.614
855	и	и	CCONJ	_	_	_	_	_	@kvg1990f-words#@kvg1990f#1961.614#1962.088
856	демонов	демон	NOUN	_	Animacy=Anim|Case=Acc|Gender=Masc|Number=Plur	_	_	_	@kvg1990f-words#@kvg1990f#1962.088#1962.563
857	/	/	PUNCT	_	_	_	_	_	@kvg1990f-words#@kvg1990f#1962.563#1963.037
858	мирить	мирить	VERB	_	Aspect=Imp|VerbForm=Inf|Voice=Act	_	_	_	@kvg1990f-words#@kvg1990f#1963.037#1963.511
859	друг	друг	NOUN	_	Animacy=Anim|Case=Nom|Gender=Masc|Number=Sing	_	_	_	@kvg1990f-words#@kvg1990f#1963.511#1963.986
860	с	с	ADP	_	_	_	_	_	@kvg1990f-words#@kvg1990f#1963.986#1964.46
861	другом	друг	NOUN	_	Animacy=Anim|Case=Ins|Gender=Masc|Number=Sing	_	_	_	@kvg1990f-words#@kvg1990f#1964.46#1964.935
862	вот	вот	PART	_	_	_	_	_	@kvg1990f-words#@kvg1990f#1964.935#1965.409
863	это	это	PRON	_	Animacy=Inan|Case=Nom|Gender=Neut|Number=Sing	_	_	_	@kvg1990f-words#@kvg1990f#1965.409#1965.883
864	вот	вот	PART	_	_	_	_	_	@kvg1990f-words#@kvg1990f#1965.883#1966.358
865	/	/	PUNCT	_	_	_	_	_	@kvg1990f-words#@kvg1990f#1966.358#1966.832
866	прикольно	прикольно	ADV	_	Degree=Pos	_	_	_	@kvg1990f-words#@kvg1990f#1966.832#1967.307

