Id,Form,Lemma,UPosTag,XPosTag,Feats,Head,DepRel,Deps,Misc
1,муж,муж,NOUN,_,Animacy=Anim|Case=Nom|Gender=Masc|Number=Sing,_,_,_,@tim1991f-words#@tim1991f#1651.0#1651.312
2,говорил,говорить,VERB,_,Aspect=Imp|Gender=Masc|Mood=Ind|Number=Sing|Tense=Past|VerbForm=Fin|Voice=Act,_,_,_,@tim1991f-words#@tim1991f#1651.312#1651.624
3,что,что,PRON,_,Case=Acc,_,_,_,@tim1991f-words#@tim1991f#1651.624#1651.936
4,/,/,PUNCT,_,_,_,_,_,@tim1991f-words#@tim1991f#1651.936#1652.248
5,детей,ребенок,NOUN,_,Animacy=Anim|Case=Acc|Gender=Masc|Number=Plur,_,_,_,@tim1991f-words#@tim1991f#1652.248#1652.56
6,рожай,рожать,NOUN,_,Animacy=Inan|Case=Acc|Gender=Masc|Number=Sing,_,_,_,@tim1991f-words#@tim1991f#1652.56#1652.872
7,и,и,CCONJ,_,_,_,_,_,@tim1991f-words#@tim1991f#1652.872#1653.184
8,творчески,творчески,ADV,_,Degree=Pos,_,_,_,@tim1991f-words#@tim1991f#1653.184#1653.496
9,раскройся,раскрыться,VERB,_,Aspect=Imp|Mood=Imp|Number=Sing|Person=2|VerbForm=Fin|Voice=Mid,_,_,_,@tim1991f-words#@tim1991f#1653.496#1653.808
10,но,но,CCONJ,_,_,_,_,_,@tim1991f-words#@tim1991f#1653.808#1654.12
11,тут,тут,ADV,_,Degree=Pos,_,_,_,@tim1991f-words#@tim1991f#1654.12#1654.432
12,же,же,PART,_,_,_,_,_,@tim1991f-words#@tim1991f#1654.432#1654.744
13,ещё,еще,ADV,_,Degree=Pos,_,_,_,@tim1991f-words#@tim1991f#1654.744#1655.056
14,и,и,PART,_,_,_,_,_,@tim1991f-words#@tim1991f#1655.056#1655.368
15,ревновал,ревновать,VERB,_,Aspect=Imp|Gender=Masc|Mood=Ind|Number=Sing|Tense=Past|VerbForm=Fin|Voice=Act,_,_,_,@tim1991f-words#@tim1991f#1655.368#1655.68
16,и,и,CCONJ,_,_,_,_,_,@tim1991f-words#@tim1991f#1655.68#1655.992
17,всё,весь,DET,_,Case=Nom|Gender=Neut|Number=Sing,_,_,_,@tim1991f-words#@tim1991f#1655.992#1656.304
18,это,это,PRON,_,Animacy=Inan|Case=Nom|Gender=Neut|Number=Sing,_,_,_,@tim1991f-words#@tim1991f#1656.304#1656.616
19,между,между,ADP,_,_,_,_,_,@tim1991f-words#@tim1991f#1656.616#1656.928
20,собой,себя,PRON,_,Case=Ins,_,_,_,@tim1991f-words#@tim1991f#1656.928#1657.24
21,не,не,PART,_,_,_,_,_,@tim1991f-words#@tim1991f#1657.24#1657.552
22,сочеталось,сочетаться,VERB,_,Aspect=Imp|Gender=Neut|Mood=Ind|Number=Sing|Tense=Past|VerbForm=Fin|Voice=Mid,_,_,_,@tim1991f-words#@tim1991f#1657.552#1657.878
23,это,это,PRON,_,Animacy=Inan|Case=Nom|Gender=Neut|Number=Sing,_,_,_,@tim1991f-words#@tim1991f#1658.07#1658.369
24,так,так,ADV,_,Degree=Pos,_,_,_,@tim1991f-words#@tim1991f#1658.369#1658.668
25,?,?,PUNCT,_,_,_,_,_,@tim1991f-words#@tim1991f#1658.668#1658.969
26,ммм,мм,INTJ,_,_,_,_,_,@tim1991f-words#@tim1991f#1684.0#1684.375
27,да,да,CCONJ,_,_,_,_,_,@tim1991f-words#@tim1991f#1739.3#1740.0
28,следующая,следующий,ADJ,_,Case=Nom|Degree=Pos|Gender=Fem|Number=Sing,_,_,_,@tim1991f-words#@tim1991f#1742.257#1742.561
29,твоя,твой,DET,_,Case=Nom|Gender=Fem|Number=Sing,_,_,_,@tim1991f-words#@tim1991f#1742.561#1742.865
30,цитата,цитата,NOUN,_,Animacy=Inan|Case=Nom|Gender=Fem|Number=Sing,_,_,_,@tim1991f-words#@tim1991f#1742.865#1743.169
31,/,/,PUNCT,_,_,_,_,_,@tim1991f-words#@tim1991f#1743.169#1743.473
32,ты,ты,PRON,_,Case=Nom|Number=Sing|Person=2,_,_,_,@tim1991f-words#@tim1991f#1743.473#1743.777
33,да...давала,да...давать,VERB,_,Aspect=Imp|Gender=Fem|Mood=Ind|Number=Sing|Tense=Past|VerbForm=Fin|Voice=Act,_,_,_,@tim1991f-words#@tim1991f#1743.777#1744.081
34,интервью,интервью,NOUN,_,Animacy=Inan|Case=Acc|Gender=Neut|Number=Sing,_,_,_,@tim1991f-words#@tim1991f#1744.081#1744.385
35,насчёт,насчёт,ADP,_,_,_,_,_,@tim1991f-words#@tim1991f#1744.385#1744.689
36,старта,старт,NOUN,_,Animacy=Inan|Case=Gen|Gender=Masc|Number=Sing,_,_,_,@tim1991f-words#@tim1991f#1744.689#1744.993
37,своего,свой,DET,_,Case=Gen|Gender=Masc|Number=Sing,_,_,_,@tim1991f-words#@tim1991f#1744.993#1745.297
38,проекта,проект,NOUN,_,Animacy=Inan|Case=Gen|Gender=Masc|Number=Sing,_,_,_,@tim1991f-words#@tim1991f#1745.297#1745.601
39,/,/,PUNCT,_,_,_,_,_,@tim1991f-words#@tim1991f#1745.601#1745.905
40,тогда,тогда,ADV,_,Degree=Pos,_,_,_,@tim1991f-words#@tim1991f#1745.905#1746.209
41,вы,вы,PRON,_,Case=Nom|Number=Plur|Person=2,_,_,_,@tim1991f-words#@tim1991f#1746.209#1746.513
42,ещё,еще,ADV,_,Degree=Pos,_,_,_,@tim1991f-words#@tim1991f#1746.513#1746.817
43,по-моему,по-моему,ADV,_,Degree=Pos,_,_,_,@tim1991f-words#@tim1991f#1746.817#1747.121
44,были,быть,AUX,_,Aspect=Imp|Mood=Ind|Number=Plur|Tense=Past|VerbForm=Fin|Voice=Act,_,_,_,@tim1991f-words#@tim1991f#1747.121#1747.425
45,вместе,вместе,ADV,_,Degree=Pos,_,_,_,@tim1991f-words#@tim1991f#1747.425#1747.729
46,это,это,PRON,_,Animacy=Inan|Case=Nom|Gender=Neut|Number=Sing,_,_,_,@tim1991f-words#@tim1991f#1747.729#1748.033
47,прям,прямо,ADV,_,Animacy=Inan|Case=Dat|Gender=Masc|Number=Plur,_,_,_,@tim1991f-words#@tim1991f#1748.033#1748.337
48,вот,вот,PART,_,_,_,_,_,@tim1991f-words#@tim1991f#1748.337#1748.641
49,первые-первые,первый,ADV,_,Degree=Pos,_,_,_,@tim1991f-words#@tim1991f#1748.641#1748.945
50,твои,твой,DET,_,Case=Nom|Number=Plur,_,_,_,@tim1991f-words#@tim1991f#1748.945#1749.249
51,такие,такой,DET,_,Case=Nom|Number=Plur,_,_,_,@tim1991f-words#@tim1991f#1749.249#1749.553
52,интервью,интервью,NOUN,_,Animacy=Inan|Case=Nom|Gender=Neut|Number=Plur,_,_,_,@tim1991f-words#@tim1991f#1749.553#1749.857
53,/,/,PUNCT,_,_,_,_,_,@tim1991f-words#@tim1991f#1749.857#1750.161
54,муж,муж,NOUN,_,Animacy=Anim|Case=Nom|Gender=Masc|Number=Sing,_,_,_,@tim1991f-words#@tim1991f#1750.161#1750.465
55,был,быть,AUX,_,Aspect=Imp|Gender=Masc|Mood=Ind|Number=Sing|Tense=Past|VerbForm=Fin|Voice=Act,_,_,_,@tim1991f-words#@tim1991f#1750.465#1750.769
56,против,против,ADP,_,_,_,_,_,@tim1991f-words#@tim1991f#1750.769#1751.073
57,он,он,PRON,_,Case=Nom|Gender=Masc|Number=Sing|Person=3,_,_,_,@tim1991f-words#@tim1991f#1751.073#1751.377
58,говорил,говорить,VERB,_,Aspect=Imp|Gender=Masc|Mood=Ind|Number=Sing|Tense=Past|VerbForm=Fin|Voice=Act,_,_,_,@tim1991f-words#@tim1991f#1751.377#1751.681
59,не,не,PART,_,_,_,_,_,@tim1991f-words#@tim1991f#1751.681#1751.985
60,хочу,хотеть,VERB,_,Aspect=Imp|Mood=Ind|Number=Sing|Person=1|Tense=Pres|VerbForm=Fin|Voice=Act,_,_,_,@tim1991f-words#@tim1991f#1751.985#1752.289
61,слышать,слышать,VERB,_,Aspect=Imp|VerbForm=Inf|Voice=Act,_,_,_,@tim1991f-words#@tim1991f#1752.289#1752.593
62,не,не,PART,_,_,_,_,_,@tim1991f-words#@tim1991f#1752.593#1752.897
63,хочу,хотеть,VERB,_,Aspect=Imp|Mood=Ind|Number=Sing|Person=1|Tense=Pres|VerbForm=Fin|Voice=Act,_,_,_,@tim1991f-words#@tim1991f#1752.897#1753.201
64,видеть,видеть,VERB,_,Aspect=Imp|VerbForm=Inf|Voice=Act,_,_,_,@tim1991f-words#@tim1991f#1753.201#1753.505
65,уходи,уходить,VERB,_,Aspect=Perf|Mood=Imp|Number=Sing|Person=2|VerbForm=Fin|Voice=Act,_,_,_,@tim1991f-words#@tim1991f#1753.505#1753.809
66,/,/,PUNCT,_,_,_,_,_,@tim1991f-words#@tim1991f#1753.809#1754.113
67,отдельно,отдельно,ADV,_,Degree=Pos,_,_,_,@tim1991f-words#@tim1991f#1754.113#1754.417
68,где-то,где-то,ADV,_,Degree=Pos,_,_,_,@tim1991f-words#@tim1991f#1754.417#1754.721
69,делай,делать,VERB,_,Aspect=Imp|Mood=Imp|Number=Sing|Person=2|VerbForm=Fin|Voice=Act,_,_,_,@tim1991f-words#@tim1991f#1754.721#1755.025
70,ты,ты,PRON,_,Case=Nom|Number=Sing|Person=2,_,_,_,@tim1991f-words#@tim1991f#1755.025#1755.329
71,вообще,вообще,ADV,_,Degree=Pos,_,_,_,@tim1991f-words#@tim1991f#1755.329#1755.633
72,понимаешь,понимать,VERB,_,Aspect=Imp|Mood=Ind|Number=Sing|Person=2|Tense=Pres|VerbForm=Fin|Voice=Act,_,_,_,@tim1991f-words#@tim1991f#1755.633#1755.937
73,что,что,PRON,_,Case=Acc,_,_,_,@tim1991f-words#@tim1991f#1755.937#1756.241
74,гастроли,гастроль,VERB,_,Aspect=Perf|Mood=Ind|Number=Plur|Tense=Past|VerbForm=Fin|Voice=Act,_,_,_,@tim1991f-words#@tim1991f#1756.241#1756.545
75,что,что,SCONJ,_,_,_,_,_,@tim1991f-words#@tim1991f#1756.545#1756.849
76,сын,сын,NOUN,_,Animacy=Anim|Case=Nom|Gender=Masc|Number=Sing,_,_,_,@tim1991f-words#@tim1991f#1756.849#1757.153
77,/,/,PUNCT,_,_,_,_,_,@tim1991f-words#@tim1991f#1757.153#1757.457
78,что,что,SCONJ,_,_,_,_,_,@tim1991f-words#@tim1991f#1757.457#1757.761
79,ты,ты,PRON,_,Case=Nom|Number=Sing|Person=2,_,_,_,@tim1991f-words#@tim1991f#1757.761#1758.065
80,себе,себя,PRON,_,Case=Dat,_,_,_,@tim1991f-words#@tim1991f#1758.065#1758.369
81,придумала,придумать,VERB,_,Aspect=Perf|Gender=Fem|Mood=Ind|Number=Sing|Tense=Past|VerbForm=Fin|Voice=Act,_,_,_,@tim1991f-words#@tim1991f#1758.369#1758.673
82,ты,ты,PRON,_,Case=Nom|Number=Sing|Person=2,_,_,_,@tim1991f-words#@tim1991f#1758.673#1758.977
83,же,же,PART,_,_,_,_,_,@tim1991f-words#@tim1991f#1758.977#1759.281
84,ведь,ведь,PART,_,_,_,_,_,@tim1991f-words#@tim1991f#1759.281#1759.585
85,фотографировала,фотографировать,VERB,_,Aspect=Imp|Gender=Fem|Mood=Ind|Number=Sing|Tense=Past|VerbForm=Fin|Voice=Act,_,_,_,@tim1991f-words#@tim1991f#1759.585#1759.889
86,фотографом,фотограф,NOUN,_,Animacy=Inan|Case=Ins|Gender=Masc|Number=Sing,_,_,_,@tim1991f-words#@tim1991f#1759.889#1760.193
87,была,быть,AUX,_,Aspect=Imp|Gender=Fem|Mood=Ind|Number=Sing|Tense=Past|VerbForm=Fin|Voice=Act,_,_,_,@tim1991f-words#@tim1991f#1760.193#1760.497
88,месяц,месяц,NOUN,_,Animacy=Inan|Case=Nom|Gender=Masc|Number=Sing,_,_,_,@tim1991f-words#@tim1991f#1760.497#1760.801
89,пройдёт,пройти,VERB,_,Aspect=Perf|Mood=Ind|Number=Sing|Person=3|Tense=Fut|VerbForm=Fin|Voice=Act,_,_,_,@tim1991f-words#@tim1991f#1760.801#1761.105
90,ты,ты,PRON,_,Case=Nom|Number=Sing|Person=2,_,_,_,@tim1991f-words#@tim1991f#1761.105#1761.409
91,опять,опять,ADV,_,Degree=Pos,_,_,_,@tim1991f-words#@tim1991f#1761.409#1761.713
92,переключишься,переключиться,VERB,_,Aspect=Imp|Mood=Ind|Number=Sing|Person=2|Tense=Pres|VerbForm=Fin|Voice=Mid,_,_,_,@tim1991f-words#@tim1991f#1761.713#1762.017
93,/,/,PUNCT,_,_,_,_,_,@tim1991f-words#@tim1991f#1762.017#1762.321
94,и,и,CCONJ,_,_,_,_,_,@tim1991f-words#@tim1991f#1762.321#1762.625
95,я,я,PRON,_,Case=Nom|Number=Sing|Person=1,_,_,_,@tim1991f-words#@tim1991f#1762.625#1762.929
96,к,к,ADP,_,_,_,_,_,@tim1991f-words#@tim1991f#1762.929#1763.233
97,тому,тот,PRON,_,Animacy=Inan|Case=Dat|Gender=Neut|Number=Sing,_,_,_,@tim1991f-words#@tim1991f#1763.233#1763.537
98,что,что,SCONJ,_,_,_,_,_,@tim1991f-words#@tim1991f#1763.537#1763.841
99,мне,я,PRON,_,Case=Dat|Number=Sing|Person=1,_,_,_,@tim1991f-words#@tim1991f#1763.841#1764.145
100,кажется,казаться,VERB,_,Aspect=Imp|Mood=Ind|Number=Sing|Person=3|Tense=Pres|VerbForm=Fin|Voice=Mid,_,_,_,@tim1991f-words#@tim1991f#1764.145#1764.449
101,что,что,SCONJ,_,_,_,_,_,@tim1991f-words#@tim1991f#1764.449#1764.753
102,этот,этот,DET,_,Case=Nom|Gender=Masc|Number=Sing,_,_,_,@tim1991f-words#@tim1991f#1764.753#1765.057
103,посыл,посыл,VERB,_,Aspect=Perf|Gender=Masc|Mood=Ind|Number=Sing|Tense=Past|VerbForm=Fin|Voice=Act,_,_,_,@tim1991f-words#@tim1991f#1765.057#1765.361
104,он,он,PRON,_,Case=Nom|Gender=Masc|Number=Sing|Person=3,_,_,_,@tim1991f-words#@tim1991f#1765.361#1765.665
105,такой,такой,DET,_,Case=Nom|Gender=Masc|Number=Sing,_,_,_,@tim1991f-words#@tim1991f#1765.665#1765.969
106,немного,немного,ADV,_,Degree=Pos,_,_,_,@tim1991f-words#@tim1991f#1765.969#1766.273
107,сексистский,сексистский,ADJ,_,Case=Nom|Degree=Pos|Gender=Masc|Number=Sing,_,_,_,@tim1991f-words#@tim1991f#1766.273#1766.577
108,как,как,SCONJ,_,_,_,_,_,@tim1991f-words#@tim1991f#1766.577#1766.881
109,раз,раз,NOUN,_,Animacy=Inan|Case=Acc|Gender=Masc|Number=Sing,_,_,_,@tim1991f-words#@tim1991f#1766.881#1767.185
110,когда,когда,SCONJ,_,_,_,_,_,@tim1991f-words#@tim1991f#1767.185#1767.489
111,женщина,женщина,NOUN,_,Animacy=Anim|Case=Nom|Gender=Fem|Number=Sing,_,_,_,@tim1991f-words#@tim1991f#1767.489#1767.793
112,/,/,PUNCT,_,_,_,_,_,@tim1991f-words#@tim1991f#1767.793#1768.097
113,якобы,якобы,ADV,_,Degree=Pos,_,_,_,@tim1991f-words#@tim1991f#1768.097#1768.401
114,не,не,PART,_,_,_,_,_,@tim1991f-words#@tim1991f#1768.401#1768.705
115,может,мочь,VERB,_,Aspect=Imp|Mood=Ind|Number=Sing|Person=3|Tense=Pres|VerbForm=Fin|Voice=Act,_,_,_,@tim1991f-words#@tim1991f#1768.705#1769.009
116,сочетать,сочетать,VERB,_,Aspect=Imp|VerbForm=Inf|Voice=Act,_,_,_,@tim1991f-words#@tim1991f#1769.009#1769.313
117,/,/,PUNCT,_,_,_,_,_,@tim1991f-words#@tim1991f#1769.313#1769.617
118,и,и,CCONJ,_,_,_,_,_,@tim1991f-words#@tim1991f#1769.617#1769.921
119,сын,сын,NOUN,_,Animacy=Anim|Case=Nom|Gender=Masc|Number=Sing,_,_,_,@tim1991f-words#@tim1991f#1769.921#1770.225
120,и,и,CCONJ,_,_,_,_,_,@tim1991f-words#@tim1991f#1770.225#1770.529
121,гастроли,гастроль,NOUN,_,Animacy=Inan|Case=Acc|Gender=Fem|Number=Plur,_,_,_,@tim1991f-words#@tim1991f#1770.529#1770.833
122,и,и,CCONJ,_,_,_,_,_,@tim1991f-words#@tim1991f#1770.833#1771.137
123,тут,тут,ADV,_,Degree=Pos,_,_,_,@tim1991f-words#@tim1991f#1771.137#1771.441
124,же,же,PART,_,_,_,_,_,@tim1991f-words#@tim1991f#1771.441#1771.745
125,ещё,ещё,ADV,_,Degree=Pos,_,_,_,@tim1991f-words#@tim1991f#1771.745#1772.049
126,и,и,PART,_,_,_,_,_,@tim1991f-words#@tim1991f#1772.049#1772.353
127,песни,песня,NOUN,_,Animacy=Inan|Case=Gen|Gender=Fem|Number=Sing,_,_,_,@tim1991f-words#@tim1991f#1772.353#1772.657
128,ещё,ещё,ADV,_,Degree=Pos,_,_,_,@tim1991f-words#@tim1991f#1772.657#1772.961
129,и,и,PART,_,_,_,_,_,@tim1991f-words#@tim1991f#1772.961#1773.265
130,муж,муж,NOUN,_,Animacy=Anim|Case=Nom|Gender=Masc|Number=Sing,_,_,_,@tim1991f-words#@tim1991f#1773.265#1773.662
131,как,как,SCONJ,_,_,_,_,_,@tim1991f-words#@tim1991f#1773.813#1774.195
132,вот,вот,PART,_,_,_,_,_,@tim1991f-words#@tim1991f#1774.195#1774.577
133,тебе,ты,PRON,_,Case=Dat|Number=Sing|Person=2,_,_,_,@tim1991f-words#@tim1991f#1774.577#1774.959
134,эт...это,эт...это,PRON,_,Animacy=Inan|Case=Acc|Gender=Neut|Number=Sing,_,_,_,@tim1991f-words#@tim1991f#1774.959#1775.341
135,удавалось,удаваться,VERB,_,Aspect=Imp|Gender=Neut|Mood=Ind|Number=Sing|Tense=Past|VerbForm=Fin|Voice=Mid,_,_,_,@tim1991f-words#@tim1991f#1775.341#1775.723
136,и,и,CCONJ,_,_,_,_,_,@tim1991f-words#@tim1991f#1775.723#1776.105
137,как,как,ADV,_,Degree=Pos,_,_,_,@tim1991f-words#@tim1991f#1776.105#1776.487
138,вы,вы,PRON,_,Case=Nom|Number=Plur|Person=2,_,_,_,@tim1991f-words#@tim1991f#1776.487#1776.869
139,разруливали,разруливать,VERB,_,Aspect=Imp|Mood=Ind|Number=Plur|Tense=Past|VerbForm=Fin|Voice=Act,_,_,_,@tim1991f-words#@tim1991f#1776.869#1777.251
140,такие,такой,DET,_,Case=Nom|Number=Plur,_,_,_,@tim1991f-words#@tim1991f#1777.251#1777.633
141,/,/,PUNCT,_,_,_,_,_,@tim1991f-words#@tim1991f#1777.633#1778.015
142,сложности,сложность,NOUN,_,Animacy=Inan|Case=Nom|Gender=Fem|Number=Plur,_,_,_,@tim1991f-words#@tim1991f#1778.015#1778.4
143,переключалась,переключаться,VERB,_,Aspect=Imp|Gender=Fem|Mood=Ind|Number=Sing|Tense=Past|VerbForm=Fin|Voice=Pass,_,_,_,@tim1991f-words#@tim1991f#1816.334#1816.867
144,да,да,PART,_,_,_,_,_,@tim1991f-words#@tim1991f#1816.867#1817.4
145,да,да,PART,_,_,_,_,_,@kvg1990f-words#@kvg1990f#1659.2#1659.559
146,я,я,PRON,_,Case=Nom|Number=Sing|Person=1,_,_,_,@kvg1990f-words#@kvg1990f#1659.559#1659.919
147,думаю,думать,VERB,_,Aspect=Imp|Mood=Ind|Number=Sing|Person=1|Tense=Pres|VerbForm=Fin|Voice=Act,_,_,_,@kvg1990f-words#@kvg1990f#1659.919#1660.279
148,что,что,SCONJ,_,_,_,_,_,@kvg1990f-words#@kvg1990f#1660.279#1660.639
149,ну,ну,PART,_,_,_,_,_,@kvg1990f-words#@kvg1990f#1661.405#1661.66
150,/,/,PUNCT,_,_,_,_,_,@kvg1990f-words#@kvg1990f#1661.66#1661.915
151,не,не,PART,_,_,_,_,_,@kvg1990f-words#@kvg1990f#1661.915#1662.17
152,думаю,думать,VERB,_,Aspect=Imp|Mood=Ind|Number=Sing|Person=1|Tense=Pres|VerbForm=Fin|Voice=Act,_,_,_,@kvg1990f-words#@kvg1990f#1662.17#1662.425
153,а,а,CCONJ,_,_,_,_,_,@kvg1990f-words#@kvg1990f#1662.425#1662.68
154,мы,мы,PRON,_,Case=Nom|Number=Plur|Person=1,_,_,_,@kvg1990f-words#@kvg1990f#1662.68#1662.935
155,с,с,ADP,_,_,_,_,_,@kvg1990f-words#@kvg1990f#1662.935#1663.191
156,ним,он,PRON,_,Case=Ins|Gender=Masc|Number=Sing|Person=3,_,_,_,@kvg1990f-words#@kvg1990f#1663.191#1663.446
157,говорили,говорить,VERB,_,Aspect=Imp|Mood=Ind|Number=Plur|Tense=Past|VerbForm=Fin|Voice=Act,_,_,_,@kvg1990f-words#@kvg1990f#1663.446#1663.701
158,после,после,ADP,_,_,_,_,_,@kvg1990f-words#@kvg1990f#1663.701#1663.956
159,на,на,ADP,_,_,_,_,_,@kvg1990f-words#@kvg1990f#1663.956#1664.211
160,эту,этот,DET,_,Case=Acc|Gender=Fem|Number=Sing,_,_,_,@kvg1990f-words#@kvg1990f#1664.211#1664.466
161,тему,тема,NOUN,_,Animacy=Inan|Case=Acc|Gender=Fem|Number=Sing,_,_,_,@kvg1990f-words#@kvg1990f#1664.466#1664.722
162,он,он,PRON,_,Case=Nom|Gender=Masc|Number=Sing|Person=3,_,_,_,@kvg1990f-words#@kvg1990f#1664.923#1665.279
163,так,так,ADV,_,Degree=Pos,_,_,_,@kvg1990f-words#@kvg1990f#1665.279#1665.636
164,и,и,PART,_,_,_,_,_,@kvg1990f-words#@kvg1990f#1665.636#1665.993
165,говорил,говорить,VERB,_,Aspect=Imp|Gender=Masc|Mood=Ind|Number=Sing|Tense=Past|VerbForm=Fin|Voice=Act,_,_,_,@kvg1990f-words#@kvg1990f#1665.993#1666.349
166,да,да,ADP,_,_,_,_,_,@kvg1990f-words#@kvg1990f#1666.349#1666.706
167,я,я,PRON,_,Case=Nom|Number=Sing|Person=1,_,_,_,@kvg1990f-words#@kvg1990f#1666.706#1667.063
168,многое,многое,NOUN,_,Animacy=Inan|Case=Acc|Gender=Neut|Number=Sing,_,_,_,@kvg1990f-words#@kvg1990f#1667.063#1667.42
169,/,/,PUNCT,_,_,_,_,_,@kvg1990f-words#@kvg1990f#1667.42#1667.776
170,ну,ну,PART,_,_,_,_,_,@kvg1990f-words#@kvg1990f#1667.776#1668.133
171,/,/,PUNCT,_,_,_,_,_,@kvg1990f-words#@kvg1990f#1668.133#1668.49
172,да,да,PART,_,_,_,_,_,@kvg1990f-words#@kvg1990f#1668.49#1668.847
173,это,это,PRON,_,Animacy=Inan|Case=Nom|Gender=Neut|Number=Sing,_,_,_,@kvg1990f-words#@kvg1990f#1668.847#1669.203
174,точно,точно,ADV,_,Degree=Pos,_,_,_,@kvg1990f-words#@kvg1990f#1669.203#1669.56
175,что,что,SCONJ,_,_,_,_,_,@kvg1990f-words#@kvg1990f#1669.56#1669.917
176,многим,многий,DET,_,Case=Dat|Number=Plur,_,_,_,@kvg1990f-words#@kvg1990f#1669.917#1670.274
177,женщинам,женщина,NOUN,_,Animacy=Anim|Case=Dat|Gender=Fem|Number=Plur,_,_,_,@kvg1990f-words#@kvg1990f#1670.274#1670.63
178,это,это,PRON,_,Animacy=Inan|Case=Nom|Gender=Neut|Number=Sing,_,_,_,@kvg1990f-words#@kvg1990f#1670.63#1670.987
179,понятно,понятно,ADV,_,Degree=Pos|Gender=Neut|Number=Sing|Variant=Short,_,_,_,@kvg1990f-words#@kvg1990f#1670.987#1671.344
180,не,не,PART,_,_,_,_,_,@kvg1990f-words#@kvg1990f#1671.344#1671.701
181,только,только,PART,_,_,_,_,_,@kvg1990f-words#@kvg1990f#1671.701#1672.057
182,женщинам,женщина,NOUN,_,Animacy=Anim|Case=Dat|Gender=Fem|Number=Plur,_,_,_,@kvg1990f-words#@kvg1990f#1672.057#1672.414
183,это,это,PRON,_,Animacy=Inan|Case=Nom|Gender=Neut|Number=Sing,_,_,_,@kvg1990f-words#@kvg1990f#1672.414#1672.771
184,/,/,PUNCT,_,_,_,_,_,@kvg1990f-words#@kvg1990f#1672.771#1673.128
185,это,это,PRON,_,Animacy=Inan|Case=Nom|Gender=Neut|Number=Sing,_,_,_,@kvg1990f-words#@kvg1990f#1673.128#1673.484
186,когда,когда,SCONJ,_,_,_,_,_,@kvg1990f-words#@kvg1990f#1673.484#1673.841
187,изначально,изначально,ADV,_,Degree=Pos,_,_,_,@kvg1990f-words#@kvg1990f#1673.841#1674.198
188,отношения,отношение,NOUN,_,Animacy=Inan|Case=Nom|Gender=Neut|Number=Plur,_,_,_,@kvg1990f-words#@kvg1990f#1674.198#1674.555
189,завязываются,завязываться,VERB,_,Aspect=Imp|Mood=Ind|Number=Plur|Person=3|Tense=Pres|VerbForm=Fin|Voice=Mid,_,_,_,@kvg1990f-words#@kvg1990f#1674.555#1674.911
190,не,не,PART,_,_,_,_,_,@kvg1990f-words#@kvg1990f#1674.911#1675.268
191,на,на,ADP,_,_,_,_,_,@kvg1990f-words#@kvg1990f#1675.268#1675.625
192,той,тот,DET,_,Case=Loc|Gender=Fem|Number=Sing,_,_,_,@kvg1990f-words#@kvg1990f#1675.625#1675.982
193,нотке,нотка,NOUN,_,Animacy=Inan|Case=Loc|Gender=Fem|Number=Sing,_,_,_,@kvg1990f-words#@kvg1990f#1675.982#1676.338
194,/,/,PUNCT,_,_,_,_,_,@kvg1990f-words#@kvg1990f#1676.338#1676.695
195,либо,либо,CCONJ,_,_,_,_,_,@kvg1990f-words#@kvg1990f#1676.695#1677.052
196,нет,нет,VERB,_,Aspect=Imp|Mood=Ind|Number=Sing|Person=3|Tense=Pres|VerbForm=Fin|Voice=Act,_,_,_,@kvg1990f-words#@kvg1990f#1677.052#1677.409
197,опыта,опыт,NOUN,_,Animacy=Inan|Case=Gen|Gender=Masc|Number=Sing,_,_,_,@kvg1990f-words#@kvg1990f#1677.409#1677.765
198,/,/,PUNCT,_,_,_,_,_,@kvg1990f-words#@kvg1990f#1677.765#1678.122
199,либо,либо,CCONJ,_,_,_,_,_,@kvg1990f-words#@kvg1990f#1678.122#1678.479
200,вот,вот,PART,_,_,_,_,_,@kvg1990f-words#@kvg1990f#1678.479#1678.836
201,как-то,как-то,ADV,_,Degree=Pos,_,_,_,@kvg1990f-words#@kvg1990f#1680.1#1680.421
202,так,так,ADV,_,Degree=Pos,_,_,_,@kvg1990f-words#@kvg1990f#1680.421#1680.743
203,совпало,совпасть,VERB,_,Aspect=Imp|Gender=Neut|Mood=Ind|Number=Sing|Tense=Past|VerbForm=Fin|Voice=Act,_,_,_,@kvg1990f-words#@kvg1990f#1680.743#1681.065
204,/,/,PUNCT,_,_,_,_,_,@kvg1990f-words#@kvg1990f#1681.065#1681.387
205,тут,тут,ADV,_,Degree=Pos,_,_,_,@kvg1990f-words#@kvg1990f#1681.387#1681.709
206,я,я,PRON,_,Case=Nom|Number=Sing|Person=1,_,_,_,@kvg1990f-words#@kvg1990f#1681.709#1682.03
207,уже,уже,ADV,_,Degree=Pos,_,_,_,@kvg1990f-words#@kvg1990f#1682.03#1682.352
208,тоже,тоже,PART,_,_,_,_,_,@kvg1990f-words#@kvg1990f#1682.352#1682.674
209,/,/,PUNCT,_,_,_,_,_,@kvg1990f-words#@kvg1990f#1682.674#1682.996
210,не,не,PART,_,_,_,_,_,@kvg1990f-words#@kvg1990f#1682.996#1683.318
211,могу,мочь,VERB,_,Aspect=Imp|Mood=Ind|Number=Sing|Person=1|Tense=Pres|VerbForm=Fin|Voice=Act,_,_,_,@kvg1990f-words#@kvg1990f#1683.318#1683.64
212,до,до,ADP,_,_,_,_,_,@kvg1990f-words#@kvg1990f#1684.833#1685.128
213,конца,конец,NOUN,_,Animacy=Inan|Case=Gen|Gender=Masc|Number=Sing,_,_,_,@kvg1990f-words#@kvg1990f#1685.128#1685.423
214,да,да,PART,_,_,_,_,_,@kvg1990f-words#@kvg1990f#1685.423#1685.719
215,за,за,ADP,_,_,_,_,_,@kvg1990f-words#@kvg1990f#1685.719#1686.014
216,всех,все,DET,_,Case=Acc|Number=Plur,_,_,_,@kvg1990f-words#@kvg1990f#1686.014#1686.309
217,ответить,ответить,VERB,_,Aspect=Perf|VerbForm=Inf|Voice=Act,_,_,_,@kvg1990f-words#@kvg1990f#1686.309#1686.605
218,но,но,CCONJ,_,_,_,_,_,@kvg1990f-words#@kvg1990f#1686.972#1687.459
219,вот,вот,PART,_,_,_,_,_,@kvg1990f-words#@kvg1990f#1687.459#1687.946
220,этот,этот,DET,_,Case=Acc|Gender=Masc|Number=Sing,_,_,_,@kvg1990f-words#@kvg1990f#1687.946#1688.433
221,момент,момент,NOUN,_,Animacy=Inan|Case=Acc|Gender=Masc|Number=Sing,_,_,_,@kvg1990f-words#@kvg1990f#1688.433#1688.921
222,/,/,PUNCT,_,_,_,_,_,@kvg1990f-words#@kvg1990f#1688.921#1689.408
223,что,что,PRON,_,Case=Nom,_,_,_,@kvg1990f-words#@kvg1990f#1689.408#1689.895
224,/,/,PUNCT,_,_,_,_,_,@kvg1990f-words#@kvg1990f#1689.895#1690.383
225,очень,очень,ADV,_,Degree=Pos,_,_,_,@kvg1990f-words#@kvg1990f#1690.383#1690.87
226,важно,важный,ADJ,_,Degree=Pos|Gender=Neut|Number=Sing|Variant=Short,_,_,_,@kvg1990f-words#@kvg1990f#1690.87#1691.357
227,избегать,избегать,VERB,_,Aspect=Imp|VerbForm=Inf|Voice=Act,_,_,_,@kvg1990f-words#@kvg1990f#1691.357#1691.844
228,/,/,PUNCT,_,_,_,_,_,@kvg1990f-words#@kvg1990f#1691.844#1692.332
229,того,тот,DET,_,Case=Acc|Gender=Masc|Number=Sing,_,_,_,@kvg1990f-words#@kvg1990f#1692.332#1692.819
230,что,что,PRON,_,Case=Acc,_,_,_,@kvg1990f-words#@kvg1990f#1692.819#1693.306
231,кто-то,кто-то,PRON,_,Case=Nom,_,_,_,@kvg1990f-words#@kvg1990f#1693.306#1693.794
232,кому-то,кто-то,PRON,_,Case=Dat,_,_,_,@kvg1990f-words#@kvg1990f#1693.794#1694.281
233,что-то,что-то,PRON,_,Case=Acc,_,_,_,@kvg1990f-words#@kvg1990f#1694.281#1694.768
234,должен,должен,ADJ,_,Degree=Pos|Gender=Masc|Number=Sing|Variant=Short,_,_,_,@kvg1990f-words#@kvg1990f#1694.768#1695.256
235,у,у,ADP,_,_,_,_,_,@kvg1990f-words#@kvg1990f#1695.965#1696.28
236,меня,я,PRON,_,Case=Gen|Number=Sing|Person=1,_,_,_,@kvg1990f-words#@kvg1990f#1696.28#1696.595
237,были,быть,AUX,_,Aspect=Imp|Mood=Ind|Number=Plur|Tense=Past|VerbForm=Fin|Voice=Act,_,_,_,@kvg1990f-words#@kvg1990f#1696.595#1696.91
238,/,/,PUNCT,_,_,_,_,_,@kvg1990f-words#@kvg1990f#1696.91#1697.225
239,точно,точно,ADV,_,Degree=Pos,_,_,_,@kvg1990f-words#@kvg1990f#1697.225#1697.54
240,такие,такой,DET,_,Case=Acc|Number=Plur,_,_,_,@kvg1990f-words#@kvg1990f#1697.54#1697.855
241,же,же,PART,_,_,_,_,_,@kvg1990f-words#@kvg1990f#1697.855#1698.17
242,миллион,миллион,NOUN,_,Animacy=Inan|Case=Acc|Gender=Masc|Number=Sing,_,_,_,@kvg1990f-words#@kvg1990f#1698.17#1698.485
243,претензий,претензия,NOUN,_,Animacy=Inan|Case=Gen|Gender=Fem|Number=Plur,_,_,_,@kvg1990f-words#@kvg1990f#1698.485#1698.8
244,то есть,то есть,SCONJ,_,,_,_,_,@kvg1990f-words#@kvg1990f#1699.536#1699.939
245,/,/,PUNCT,_,_,_,_,_,@kvg1990f-words#@kvg1990f#1700.343#1700.747
246,для,для,ADP,_,_,_,_,_,@kvg1990f-words#@kvg1990f#1700.747#1701.15
247,меня,я,PRON,_,Case=Gen|Number=Sing|Person=1,_,_,_,@kvg1990f-words#@kvg1990f#1701.15#1701.554
248,это,это,PRON,_,Animacy=Inan|Case=Nom|Gender=Neut|Number=Sing,_,_,_,@kvg1990f-words#@kvg1990f#1701.554#1701.958
249,стало,стать,VERB,_,Aspect=Perf|Gender=Neut|Mood=Ind|Number=Sing|Tense=Past|VerbForm=Fin|Voice=Mid,_,_,_,@kvg1990f-words#@kvg1990f#1701.958#1702.361
250,огромным,огромный,ADJ,_,Case=Ins|Degree=Pos|Gender=Masc|Number=Sing,_,_,_,@kvg1990f-words#@kvg1990f#1702.361#1702.765
251,уроком,урок,NOUN,_,Animacy=Inan|Case=Ins|Gender=Masc|Number=Sing,_,_,_,@kvg1990f-words#@kvg1990f#1702.765#1703.169
252,и,и,CCONJ,_,_,_,_,_,@kvg1990f-words#@kvg1990f#1703.169#1703.572
253,я,я,PRON,_,Case=Nom|Number=Sing|Person=1,_,_,_,@kvg1990f-words#@kvg1990f#1703.572#1703.976
254,ээ,эээ ,INTJ,_,Animacy=Inan|Case=Nom|Gender=Neut|Number=Sing,_,_,_,@kvg1990f-words#@kvg1990f#1703.976#1704.38
255,из,из,ADP,_,_,_,_,_,@kvg1990f-words#@kvg1990f#1705.539#1705.905
256,того,то,PRON,_,Animacy=Inan|Case=Gen|Gender=Neut|Number=Sing,_,_,_,@kvg1990f-words#@kvg1990f#1705.905#1706.271
257,что,что,SCONJ,_,_,_,_,_,@kvg1990f-words#@kvg1990f#1706.271#1706.637
258,я,я,PRON,_,Case=Nom|Number=Sing|Person=1,_,_,_,@kvg1990f-words#@kvg1990f#1706.637#1707.003
259,высказываю,высказывавать,VERB,_,Aspect=Imp|Mood=Ind|Number=Sing|Person=1|Tense=Pres|VerbForm=Fin|Voice=Act,_,_,_,@kvg1990f-words#@kvg1990f#1707.003#1707.369
260,там,там,ADV,_,Degree=Pos,_,_,_,@kvg1990f-words#@kvg1990f#1707.369#1707.735
261,какие-то,какой-то,DET,_,Case=Acc|Number=Plur,_,_,_,@kvg1990f-words#@kvg1990f#1707.735#1708.101
262,свои,свой,DET,_,Case=Acc|Number=Plur,_,_,_,@kvg1990f-words#@kvg1990f#1708.101#1708.467
263,комментарии,комментарий,NOUN,_,Animacy=Inan|Case=Acc|Gender=Masc|Number=Plur,_,_,_,@kvg1990f-words#@kvg1990f#1708.467#1708.833
264,сейчас,сейчас,ADV,_,Degree=Pos,_,_,_,@kvg1990f-words#@kvg1990f#1708.833#1709.199
265,это,это,PRON,_,Animacy=Inan|Case=Nom|Gender=Neut|Number=Sing,_,_,_,@kvg1990f-words#@kvg1990f#1709.199#1709.566
266,мои,мой,DET,_,Case=Nom|Number=Plur,_,_,_,@kvg1990f-words#@kvg1990f#1709.566#1709.932
267,личные,личный,ADJ,_,Case=Nom|Degree=Pos|Number=Plur,_,_,_,@kvg1990f-words#@kvg1990f#1709.932#1710.298
268,ощущения,ощущение,NOUN,_,Animacy=Inan|Case=Nom|Gender=Neut|Number=Plur,_,_,_,@kvg1990f-words#@kvg1990f#1710.298#1710.664
269,/,/,PUNCT,_,_,_,_,_,@kvg1990f-words#@kvg1990f#1710.664#1711.03
270,при,при,ADP,_,_,_,_,_,@kvg1990f-words#@kvg1990f#1711.03#1711.396
271,том,то,PRON,_,"Animacy=Inan|Case=Loc|Gender=Neut|Number=Sing	",_,_,_,@kvg1990f-words#@kvg1990f#1711.396#1711.762
272,при,при,ADP,_,_,_,_,_,@kvg1990f-words#@kvg1990f#1711.762#1712.128
273,всём,весь,DET,_,Case=Loc|Gender=Neut|Number=Sing,_,_,_,@kvg1990f-words#@kvg1990f#1712.128#1712.494
274,что,что,PRON,_,Case=Nom,_,_,_,@kvg1990f-words#@kvg1990f#1712.494#1712.86
275,/,/,PUNCT,_,_,_,_,_,@kvg1990f-words#@kvg1990f#1712.86#1713.227
276,спустя,спустя,ADP,_,_,_,_,_,@kvg1990f-words#@kvg1990f#1713.227#1713.593
277,время,время,NOUN,_,Animacy=Inan|Case=Acc|Gender=Neut|Number=Sing,_,_,_,@kvg1990f-words#@kvg1990f#1713.593#1713.959
278,/,/,PUNCT,_,_,_,_,_,@kvg1990f-words#@kvg1990f#1713.959#1714.325
279,я,я,PRON,_,Case=Nom|Number=Sing|Person=1,_,_,_,@kvg1990f-words#@kvg1990f#1714.325#1714.691
280,/,/,PUNCT,_,_,_,_,_,@kvg1990f-words#@kvg1990f#1714.691#1715.057
281,безумно,безумно,ADV,_,Degree=Pos,_,_,_,@kvg1990f-words#@kvg1990f#1715.057#1715.423
282,благодарна,благодарный,ADJ,_,Degree=Pos|Gender=Fem|Number=Sing|Variant=Short,_,_,_,@kvg1990f-words#@kvg1990f#1715.423#1715.789
283,этому,этот,DET,_,Case=Dat|Gender=Masc|Number=Sing,_,_,_,@kvg1990f-words#@kvg1990f#1715.789#1716.155
284,периоду,период,NOUN,_,Animacy=Inan|Case=Dat|Gender=Masc|Number=Sing,_,_,_,@kvg1990f-words#@kvg1990f#1716.155#1716.521
285,/,/,PUNCT,_,_,_,_,_,@kvg1990f-words#@kvg1990f#1716.521#1716.888
286,тем,тот,DET,_,Case=Dat|Number=Plur,_,_,_,@kvg1990f-words#@kvg1990f#1716.888#1717.254
287,плодам,плод,NOUN,_,Animacy=Inan|Case=Dat|Gender=Masc|Number=Plur,_,_,_,@kvg1990f-words#@kvg1990f#1717.254#1717.62
288,которые,который,PRON,_,Case=Acc,_,_,_,@kvg1990f-words#@kvg1990f#1717.62#1717.986
289,он,он,PRON,_,Case=Nom|Gender=Masc|Number=Sing|Person=3,_,_,_,@kvg1990f-words#@kvg1990f#1717.986#1718.352
290,принёс,принести,VERB,_,Aspect=Perf|Gender=Masc|Mood=Ind|Number=Sing|Tense=Past|VerbForm=Fin|Voice=Act,_,_,_,@kvg1990f-words#@kvg1990f#1718.352#1718.718
291,и,и,CCONJ,_,_,_,_,_,@kvg1990f-words#@kvg1990f#1718.718#1719.084
292,тому,то,PRON,_,Animacy=Inan|Case=Dat|Gender=Neut|Number=Sing,_,_,_,@kvg1990f-words#@kvg1990f#1719.084#1719.45
293,/,/,PUNCT,_,_,_,_,_,@kvg1990f-words#@kvg1990f#1719.45#1719.816
294,к,к,ADP,_,_,_,_,_,@kvg1990f-words#@kvg1990f#1719.816#1720.182
295,чему,что,PRON,_,Case=Dat,_,_,_,@kvg1990f-words#@kvg1990f#1720.182#1720.549
296,он,он,PRON,_,Case=Nom|Gender=Masc|Number=Sing|Person=3,_,_,_,@kvg1990f-words#@kvg1990f#1720.549#1720.915
297,меня,я,PRON,_,Case=Acc|Number=Sing|Person=1,_,_,_,@kvg1990f-words#@kvg1990f#1720.915#1721.281
298,привёл,привести,VERB,_,Aspect=Perf|Gender=Masc|Mood=Ind|Number=Sing|Tense=Past|VerbForm=Fin|Voice=Act,_,_,_,@kvg1990f-words#@kvg1990f#1721.281#1721.647
299,/,/,PUNCT,_,_,_,_,_,@kvg1990f-words#@kvg1990f#1721.647#1722.013
300,да,да,PART,_,_,_,_,_,@kvg1990f-words#@kvg1990f#1722.013#1722.379
301,/,/,PUNCT,_,_,_,_,_,@kvg1990f-words#@kvg1990f#1722.379#1722.745
302,то,то,PRON,_,Animacy=Inan|Case=Nom|Gender=Neut|Number=Sing,_,_,_,@kvg1990f-words#@kvg1990f#1722.745#1723.111
303,есть,быть,VERB,_,Aspect=Imp|Mood=Ind|Number=Sing|Person=3|Tense=Pres|VerbForm=Fin|Voice=Act,_,_,_,@kvg1990f-words#@kvg1990f#1723.111#1723.477
304,/,/,PUNCT,_,_,_,_,_,@kvg1990f-words#@kvg1990f#1723.477#1723.843
305,офигенное,офигенный,ADJ,_,Case=Nom|Degree=Pos|Gender=Neut|Number=Sing,_,_,_,@kvg1990f-words#@kvg1990f#1723.843#1724.209
306,у,у,ADP,_,_,_,_,_,@kvg1990f-words#@kvg1990f#1724.209#1724.576
307,нас,мы,PRON,_,Case=Gen|Number=Plur|Person=1,_,_,_,@kvg1990f-words#@kvg1990f#1724.576#1724.942
308,было,быть,VERB,_,Aspect=Imp|Gender=Neut|Mood=Ind|Number=Sing|Tense=Past|VerbForm=Fin|Voice=Act,_,_,_,@kvg1990f-words#@kvg1990f#1724.942#1725.308
309,/,/,PUNCT,_,_,_,_,_,@kvg1990f-words#@kvg1990f#1725.308#1725.674
310,типа,тип,NOUN,_,Animacy=Inan|Case=Gen|Gender=Masc|Number=Sing,_,_,_,@kvg1990f-words#@kvg1990f#1725.674#1726.04
311,тандем,тандем,NOUN,_,,_,_,_,@kvg1990f-words#@kvg1990f#1726.04#1726.406
312,/,/,PUNCT,_,_,_,_,_,@kvg1990f-words#@kvg1990f#1726.406#1726.772
313,очень,очень,ADV,_,Degree=Pos,_,_,_,@kvg1990f-words#@kvg1990f#1726.772#1727.138
314,круто,круто,ADV,_,,_,_,_,@kvg1990f-words#@kvg1990f#1727.138#1727.504
315,было,быть,AUX,_,Aspect=Imp|Gender=Neut|Mood=Ind|Number=Sing|Tense=Past|VerbForm=Fin|Voice=Act,_,_,_,@kvg1990f-words#@kvg1990f#1727.504#1727.87
316,вот,вот,PART,_,_,_,_,_,@kvg1990f-words#@kvg1990f#1727.87#1728.237
317,/,/,PUNCT,_,_,_,_,_,@kvg1990f-words#@kvg1990f#1728.237#1728.603
318,несмотря,несмотря ,ADV,_,Polarity=Neg,_,_,_,@kvg1990f-words#@kvg1990f#1728.603#1728.969
319,на,на,ADP,,_,,,,@kvg1990f-words#@kvg1990f#1728.603#1728.970
320,все,все,PRON,_,Animacy=Inan|Case=Acc|Gender=Neut|Number=Sing,_,_,_,@kvg1990f-words#@kvg1990f#1729.335#1729.701
321,как,как,ADV,_,Degree=Pos,_,_,_,@kvg1990f-words#@kvg1990f#1729.701#1730.067
322,бы,бы,PART,,,,,,@kvg1990f-words#@kvg1990f#1729.701#1730.068
323,сложности,сложность,NOUN,_,Animacy=Inan|Case=Nom|Gender=Fem|Number=Sing,_,_,_,@kvg1990f-words#@kvg1990f#1730.433#1730.799
324,/,/,PUNCT,_,_,_,_,_,@kvg1990f-words#@kvg1990f#1730.799#1731.165
325,вот,вот,PART,_,_,_,_,_,@kvg1990f-words#@kvg1990f#1731.165#1731.531
326,мы,мы,PRON,_,Case=Nom|Number=Plur|Person=1,_,_,_,@kvg1990f-words#@kvg1990f#1731.531#1731.898
327,обсуждаем,обсуждать,VERB,_,Aspect=Imp|Mood=Ind|Number=Plur|Person=1|Tense=Pres|VerbForm=Fin|Voice=Act,_,_,_,@kvg1990f-words#@kvg1990f#1731.898#1732.264
328,интересная,интересный,ADJ,_,Case=Nom|Degree=Pos|Gender=Fem|Number=Sing,_,_,_,@kvg1990f-words#@kvg1990f#1732.264#1732.63
329,была,быть,AUX,_,Aspect=Imp|Gender=Fem|Mood=Ind|Number=Sing|Tense=Past|VerbForm=Fin|Voice=Act,_,_,_,@kvg1990f-words#@kvg1990f#1732.63#1732.996
330,короче,короткий,ADJ,_,Degree=Cmp ?,_,_,_,@kvg1990f-words#@kvg1990f#1732.996#1733.362
331,такая,такой,DET,_,Case=Nom|Gender=Fem|Number=Sing,_,_,_,@kvg1990f-words#@kvg1990f#1733.362#1733.728
332,пара,пара,NOUN,_,Animacy=Inan|Case=Nom|Gender=Fem|Number=Sing,_,_,_,@kvg1990f-words#@kvg1990f#1733.728#1734.094
333,/,/,PUNCT,_,_,_,_,_,@kvg1990f-words#@kvg1990f#1734.094#1734.46
334,вот,вот,PART,_,_,_,_,_,@kvg1990f-words#@kvg1990f#1734.46#1734.826
335,но,но,CCONJ,_,_,_,_,_,@kvg1990f-words#@kvg1990f#1734.826#1735.192
336,/,/,PUNCT,_,_,_,_,_,@kvg1990f-words#@kvg1990f#1735.192#1735.559
337,во-первых,во-первых,ADV,_,Degree=Pos,_,_,_,@kvg1990f-words#@kvg1990f#1735.559#1735.925
338,/,/,PUNCT,_,_,_,_,_,@kvg1990f-words#@kvg1990f#1735.925#1736.291
339,всё,все,PRON,_,Animacy=Inan|Case=Nom|Gender=Neut|Number=Sing,_,_,_,@kvg1990f-words#@kvg1990f#1736.291#1736.657
340,не,не,PART,_,_,_,_,_,@kvg1990f-words#@kvg1990f#1736.657#1737.023
341,вечно,вечно,ADJ,_,Degree=Pos|Gender=Neut|Number=Sing|Variant=Short,_,_,_,@kvg1990f-words#@kvg1990f#1737.023#1737.389
342,и,и,PART,_,_,_,_,_,@kvg1990f-words#@kvg1990f#1737.389#1737.755
343,у,у,ADP,_,_,_,_,_,@kvg1990f-words#@kvg1990f#1737.755#1738.121
344,всего,все,PRON,_,Animacy=Inan|Case=Gen|Gender=Neut|Number=Sing,_,_,_,@kvg1990f-words#@kvg1990f#1738.121#1738.487
345,свой,свой,DET,_,Case=Acc|Gender=Masc|Number=Sing,_,_,_,@kvg1990f-words#@kvg1990f#1738.487#1738.853
346,срок,срок,NOUN,_,Animacy=Inan|Case=Acc|Gender=Masc|Number=Sing,_,_,_,@kvg1990f-words#@kvg1990f#1738.853#1739.22
347,поэтому,поэтому,ADV,_,Degree=Pos,_,_,_,@kvg1990f-words#@kvg1990f#1739.574#1740.011
348,это,это,PRON,_,Animacy=Inan|Case=Nom|Gender=Neut|Number=Sing,_,_,_,@kvg1990f-words#@kvg1990f#1740.011#1740.449
349,абсолютно,абсолютно,ADV,_,Degree=Pos,_,_,_,@kvg1990f-words#@kvg1990f#1740.449#1740.887
350,нормально,нормальный,ADJ,_,Degree=Pos|Gender=Neut|Number=Sing|Variant=Short,_,_,_,@kvg1990f-words#@kvg1990f#1740.887#1741.324
351,/,/,PUNCT,_,_,_,_,_,@kvg1990f-words#@kvg1990f#1741.324#1741.762
352,вот,вот,PART,_,_,_,_,_,@kvg1990f-words#@kvg1990f#1741.762#1742.2
353,мне,я,PRON,_,Case=Dat|Number=Sing|Person=1,_,_,_,@kvg1990f-words#@kvg1990f#1779.4#1779.821
354,на,на,ADP,_,_,_,_,_,@kvg1990f-words#@kvg1990f#1779.821#1780.243
355,тот,тот,DET,_,Case=Acc|Gender=Masc|Number=Sing,_,_,_,@kvg1990f-words#@kvg1990f#1780.243#1780.664
356,момент,момент,NOUN,_,Animacy=Inan|Case=Acc|Gender=Masc|Number=Sing,_,_,_,@kvg1990f-words#@kvg1990f#1780.664#1781.086
357,/,/,PUNCT,_,_,_,_,_,@kvg1990f-words#@kvg1990f#1781.086#1781.508
358,а,а,CCONJ,_,_,_,_,_,@kvg1990f-words#@kvg1990f#1781.508#1781.929
359,я,я,PRON,_,Case=Nom|Number=Sing|Person=1,_,_,_,@kvg1990f-words#@kvg1990f#1781.929#1782.351
360,мм,мм,INTJ,_,_,_,_,_,@kvg1990f-words#@kvg1990f#1782.351#1782.772
361,/,/,PUNCT,_,_,_,_,_,@kvg1990f-words#@kvg1990f#1782.772#1783.194
362,меня,я,PRON,_,Case=Acc|Number=Sing|Person=1,_,_,_,@kvg1990f-words#@kvg1990f#1783.194#1783.616
363,вдохновляло,вдохновлять,VERB,_,Aspect=Imp|Gender=Neut|Mood=Ind|Number=Sing|Tense=Past|VerbForm=Fin|Voice=Act,_,_,_,@kvg1990f-words#@kvg1990f#1783.616#1784.037
364,и,и,CCONJ,_,_,_,_,_,@kvg1990f-words#@kvg1990f#1784.037#1784.459
365,пробуждало,пробуждать,VERB,_,Aspect=Imp|Gender=Neut|Mood=Ind|Number=Sing|Tense=Past|VerbForm=Fin|Voice=Act,_,_,_,@kvg1990f-words#@kvg1990f#1784.459#1784.881
366,к,к,ADP,_,_,_,_,_,@kvg1990f-words#@kvg1990f#1784.881#1785.302
367,действию,действие,NOUN,_,Animacy=Inan|Case=Dat|Gender=Neut|Number=Sing,_,_,_,@kvg1990f-words#@kvg1990f#1785.302#1785.724
368,/,/,PUNCT,_,_,_,_,_,@kvg1990f-words#@kvg1990f#1785.724#1786.145
369,вот,вот,PART,_,_,_,_,_,@kvg1990f-words#@kvg1990f#1786.145#1786.567
370,как,как,SCONJ,_,_,_,_,_,@kvg1990f-words#@kvg1990f#1786.567#1786.989
371,раз,раз,NOUN,_,Animacy=Inan|Case=Acc|Gender=Masc|Number=Sing,_,_,_,@kvg1990f-words#@kvg1990f#1786.989#1787.41
372,вот,вот,PART,_,_,_,_,_,@kvg1990f-words#@kvg1990f#1787.41#1787.832
373,такие,такой,DET,_,Case=Nom|Number=Plur,_,_,_,@kvg1990f-words#@kvg1990f#1787.832#1788.253
374,вот,вот,PART,_,_,_,_,_,@kvg1990f-words#@kvg1990f#1788.253#1788.675
375,/,/,PUNCT,_,_,_,_,_,@kvg1990f-words#@kvg1990f#1788.675#1789.097
376,подножки,подножка,NOUN,_,Animacy=Anim|Case=Nom|Gender=Fem|NameType=Sur|Number=Sing|Polarity=Pos,_,_,_,@kvg1990f-words#@kvg1990f#1789.097#1789.518
377,какие-то,какой-то,DET,_,Case=Acc|Number=Plur,_,_,_,@kvg1990f-words#@kvg1990f#1789.518#1789.94
378,да,да,PART,_,_,_,_,_,@kvg1990f-words#@kvg1990f#1789.94#1790.362
379,с,с,ADP,_,_,_,_,_,@kvg1990f-words#@kvg1990f#1790.362#1790.783
380,каких-то,какой-то,DET,_,Case=Acc|Number=Plur,_,_,_,@kvg1990f-words#@kvg1990f#1790.783#1791.205
381,лю...любые,любой любой,ADJ,_,Case=Nom|Degree=Pos|Number=Plur,_,_,_,@kvg1990f-words#@kvg1990f#1791.205#1791.626
382,да,да,CCONJ,_,_,_,_,_,@kvg1990f-words#@kvg1990f#1791.626#1792.048
383,кто-то,кто-то,PRON,_,Case=Nom,_,_,_,@kvg1990f-words#@kvg1990f#1792.048#1792.47
384,там,там,ADV,_,Degree=Pos,_,_,_,@kvg1990f-words#@kvg1990f#1792.47#1792.891
385,говорит,говорить,VERB,_,Aspect=Imp|Mood=Ind|Number=Sing|Person=3|Tense=Pres|VerbForm=Fin|Voice=Act,_,_,_,@kvg1990f-words#@kvg1990f#1792.891#1793.313
386,/,/,PUNCT,_,_,_,_,_,@kvg1990f-words#@kvg1990f#1793.313#1793.735
387,ну,ну,PART,_,_,_,_,_,@kvg1990f-words#@kvg1990f#1793.735#1794.156
388,что,что,SCONJ,_,_,_,_,_,@kvg1990f-words#@kvg1990f#1794.156#1794.578
389,ты,ты,PRON,_,Case=Nom|Number=Sing|Person=2,_,_,_,@kvg1990f-words#@kvg1990f#1794.578#1794.999
390,там,там,ADV,_,Degree=Pos,_,_,_,@kvg1990f-words#@kvg1990f#1794.999#1795.421
391,будешь,быть,AUX,_,Aspect=Imp|Mood=Ind|Number=Sing|Person=2|Tense=Pres|VerbForm=Fin|Voice=Act,_,_,_,@kvg1990f-words#@kvg1990f#1795.421#1795.843
392,петь,петь,VERB,_,Aspect=Imp|VerbForm=Inf|Voice=Act,_,_,_,@kvg1990f-words#@kvg1990f#1795.843#1796.264
393,ты,ты,PRON,_,Case=Nom|Number=Sing|Person=2,_,_,_,@kvg1990f-words#@kvg1990f#1796.264#1796.686
394,же,же,PART,_,_,_,_,_,@kvg1990f-words#@kvg1990f#1796.686#1797.107
395,никогда,никогда,ADV,_,Degree=Pos,_,_,_,@kvg1990f-words#@kvg1990f#1797.107#1797.529
396,не,не,PART,_,_,_,_,_,@kvg1990f-words#@kvg1990f#1797.529#1797.951
397,пела,петь,VERB,_,Aspect=Imp|Gender=Fem|Mood=Ind|Number=Sing|Tense=Past|VerbForm=Fin|Voice=Act,_,_,_,@kvg1990f-words#@kvg1990f#1797.951#1798.372
398,или,или,CCONJ,_,_,_,_,_,@kvg1990f-words#@kvg1990f#1798.372#1798.794
399,там,там,ADV,_,Degree=Pos,_,_,_,@kvg1990f-words#@kvg1990f#1798.794#1799.216
400,/,/,PUNCT,_,_,_,_,_,@kvg1990f-words#@kvg1990f#1799.216#1799.637
401,чего-то,что-то,PRON,_,Case=Gen,_,_,_,@kvg1990f-words#@kvg1990f#1799.637#1800.059
402,там,там,ADV,_,Degree=Pos,_,_,_,@kvg1990f-words#@kvg1990f#1800.059#1800.48
403,/,/,PUNCT,_,_,_,_,_,@kvg1990f-words#@kvg1990f#1800.48#1800.902
404,месяц,месяц,NOUN,_,Animacy=Inan|Case=Acc|Gender=Masc|Number=Sing,_,_,_,@kvg1990f-words#@kvg1990f#1800.902#1801.324
405,попоёшь,попеть,VERB,_,Aspect=Perf|Mood=Ind|Number=Sing|Person=2|Tense=Fut|VerbForm=Fin|Voice=Act,_,_,_,@kvg1990f-words#@kvg1990f#1801.324#1801.745
406,и,и,CCONJ,_,_,_,_,_,@kvg1990f-words#@kvg1990f#1801.745#1802.167
407,переключишься,переключиться,VERB,_,Aspect=Perf|Mood=Ind|Number=Sing|Person=2|Tense=Fut|VerbForm=Fin|Voice=Mid,_,_,_,@kvg1990f-words#@kvg1990f#1802.167#1802.589
408,я,я,PRON,_,Case=Nom|Number=Sing|Person=1,_,_,_,@kvg1990f-words#@kvg1990f#1803.318#1803.67
409,раньше,раньше,ADV,_,Degree=Pos,_,_,_,@kvg1990f-words#@kvg1990f#1803.67#1804.022
410,просто,просто,PART,_,_,_,_,_,@kvg1990f-words#@kvg1990f#1804.022#1804.374
411,переключалсь,переключаться,VERB,_,Aspect=Perf|Mood=Ind|Number=Sing|Gender=Fem|Person=2|Tense=Perf|VerbForm=Fin|Voice=Act,_,_,_,@kvg1990f-words#@kvg1990f#1804.374#1804.727
412,да,да,CCONJ,_,_,_,_,_,@kvg1990f-words#@kvg1990f#1804.727#1805.079
413,/,/,PUNCT,_,_,_,_,_,@kvg1990f-words#@kvg1990f#1805.079#1805.431
414,луна,луна,NOUN,_,Animacy=Inan|Case=Nom|Gender=Fem|Number=Sing,_,_,_,@kvg1990f-words#@kvg1990f#1805.431#1805.783
415,какое-то,какой-то,DET,_,Case=Nom|Gender=Neut|Number=Sing,_,_,_,@kvg1990f-words#@kvg1990f#1805.783#1806.136
416,моё,мой,DET,_,_,_,_,_,@kvg1990f-words#@kvg1990f#1806.136#1806.488
417,вот,вот,PART,_,_,_,_,_,@kvg1990f-words#@kvg1990f#1806.488#1806.84
418,сп...,спасение,NOUN,_,Animacy=Inan|Case=Acc|Gender=Neut|Number=Sing,_,_,_,@kvg1990f-words#@kvg1990f#1806.84#1807.193
419,ну,ну,PART,_,_,_,_,_,@kvg1990f-words#@kvg1990f#1807.193#1807.545
420,спасение,спасение,NOUN,_,Animacy=Inan|Case=Acc|Gender=Neut|Number=Sing,_,_,_,@kvg1990f-words#@kvg1990f#1807.545#1807.897
421,реально,реальный,ADJ,_,Degree=Pos|Gender=Neut|Number=Sing|Variant=Short,_,_,_,@kvg1990f-words#@kvg1990f#1807.897#1808.249
422,открытие,открытие,NOUN,_,Animacy=Inan|Case=Nom|Gender=Neut|Number=Sing,_,_,_,@kvg1990f-words#@kvg1990f#1808.249#1808.602
423,/,/,PUNCT,_,_,_,_,_,@kvg1990f-words#@kvg1990f#1808.602#1808.954
424,потому,потому,SCONJ,_,Degree=Pos,_,_,_,@kvg1990f-words#@kvg1990f#1808.954#1809.306
425,что,что,SCONJ,_,_,_,_,_,@kvg1990f-words#@kvg1990f#1809.306#1809.659
426,он,он,PRON,_,Case=Nom|Gender=Masc|Number=Sing|Person=3,_,_,_,@kvg1990f-words#@kvg1990f#1809.659#1810.011
427,как,как,ADV,_,Degree=Pos,_,_,_,@kvg1990f-words#@kvg1990f#1810.011#1810.363
428,бы,бы,PART,_,_,_,_,_,@kvg1990f-words#@kvg1990f#1810.363#1810.715
429,был,быть,VERB,_,Aspect=Imp|Gender=Masc|Mood=Ind|Number=Sing|Tense=Past|VerbForm=Fin|Voice=Act,_,_,_,@kvg1990f-words#@kvg1990f#1810.715#1811.068
430,/,/,PUNCT,_,_,_,_,_,@kvg1990f-words#@kvg1990f#1811.068#1811.42
431,говорил,говорить,VERB,_,Aspect=Imp|Gender=Masc|Mood=Ind|Number=Sing|Tense=Past|VerbForm=Fin|Voice=Act,_,_,_,@kvg1990f-words#@kvg1990f#1811.42#1811.772
432,на,на,ADP,_,_,_,_,_,@kvg1990f-words#@kvg1990f#1811.772#1812.124
433,основе,основа,NOUN,_,Animacy=Inan|Case=Loc|Gender=Fem|Number=Sing,_,_,_,@kvg1990f-words#@kvg1990f#1812.124#1812.477
434,каких-то,какой-то,DET,_,Case=Gen|Number=Plur,_,_,_,@kvg1990f-words#@kvg1990f#1812.477#1812.829
435,предыдущих,предыдущий,ADJ,_,Case=Gen|Degree=Pos|Number=Plur,_,_,_,@kvg1990f-words#@kvg1990f#1812.829#1813.181
436,историй,история,NOUN,_,Animacy=Inan|Case=Gen|Gender=Fem|Number=Plur,_,_,_,@kvg1990f-words#@kvg1990f#1813.181#1813.534
437,да,да,CCONJ,_,_,_,_,_,@kvg1990f-words#@kvg1990f#1813.534#1813.886
438,/,/,PUNCT,_,_,_,_,_,@kvg1990f-words#@kvg1990f#1813.886#1814.238
439,того,тот,DET,_,Animacy=Inan|Case=Gen|Gender=Neut|Number=Sing,_,_,_,@kvg1990f-words#@kvg1990f#1814.238#1814.59
440,как,как,SCONJ,_,_,_,_,_,@kvg1990f-words#@kvg1990f#1814.59#1814.943
441,я,я,PRON,_,Case=Nom|Number=Sing|Person=1,_,_,_,@kvg1990f-words#@kvg1990f#1814.943#1815.295
442,себя,себя,PRON,_,Case=Acc,_,_,_,@kvg1990f-words#@kvg1990f#1815.295#1815.647
443,вела,вести,VERB,_,Aspect=Imp|Gender=Fem|Mood=Ind|Number=Sing|Tense=Past|VerbForm=Fin|Voice=Act,_,_,_,@kvg1990f-words#@kvg1990f#1815.647#1816.0
444,да,да,PART,_,_,_,_,_,@kvg1990f-words#@kvg1990f#1817.403#1817.745
445,/,/,PUNCT,_,_,_,_,_,@kvg1990f-words#@kvg1990f#1817.745#1818.088
446,была,быть,AUX,_,Aspect=Imp|Gender=Fem|Mood=Ind|Number=Sing|Tense=Past|VerbForm=Fin|Voice=Act,_,_,_,@kvg1990f-words#@kvg1990f#1818.088#1818.431
447,вот,вот,PART,_,_,_,_,_,@kvg1990f-words#@kvg1990f#1818.431#1818.774
448,такая,такой,DET,_,Case=Nom|Gender=Fem|Number=Sing,_,_,_,@kvg1990f-words#@kvg1990f#1818.774#1819.117
449,вот,вот,PART,_,_,_,_,_,@kvg1990f-words#@kvg1990f#1819.117#1819.46
450,совсем,совсем,ADV,_,Degree=Pos,_,_,_,@kvg1990f-words#@kvg1990f#1819.46#1819.803
451,другая,другой,ADJ,_,Case=Nom|Degree=Pos|Gender=Fem|Number=Sing,_,_,_,@kvg1990f-words#@kvg1990f#1819.803#1820.146
452,была,быть,AUX,_,Aspect=Imp|Gender=Fem|Mood=Ind|Number=Sing|Tense=Past|VerbForm=Fin|Voice=Act,_,_,_,@kvg1990f-words#@kvg1990f#1820.146#1820.488
453,/,/,PUNCT,_,_,_,_,_,@kvg1990f-words#@kvg1990f#1820.488#1820.831
454,ну,ну,PART,_,_,_,_,_,@kvg1990f-words#@kvg1990f#1820.831#1821.174
455,вот,вот,PART,_,_,_,_,_,@kvg1990f-words#@kvg1990f#1821.174#1821.517
456,луна,луна,NOUN,_,Animacy=Inan|Case=Nom|Gender=Fem|Number=Sing,_,_,_,@kvg1990f-words#@kvg1990f#1821.517#1821.86
457,дала,дать,VERB,_,Aspect=Perf|Gender=Fem|Mood=Ind|Number=Sing|Tense=Past|VerbForm=Fin|Voice=Act,_,_,_,@kvg1990f-words#@kvg1990f#1821.86#1822.203
458,мне,я,PRON,_,Case=Dat|Number=Sing|Person=1,_,_,_,@kvg1990f-words#@kvg1990f#1822.203#1822.546
459,какой-то,какой-то,DET,_,Case=Acc|Gender=Masc|Number=Sing,_,_,_,@kvg1990f-words#@kvg1990f#1822.546#1822.889
460,стержень,стержень,NOUN,_,Animacy=Inan|Case=Acc|Gender=Masc|Number=Sing,_,_,_,@kvg1990f-words#@kvg1990f#1822.889#1823.232
461,/,/,PUNCT,_,_,_,_,_,@kvg1990f-words#@kvg1990f#1823.232#1823.574
462,заземлила,заземлить,VERB,_,Aspect=Perf|Gender=Fem|Mood=Ind|Number=Sing|Tense=Past|VerbForm=Fin|Voice=Act,_,_,_,@kvg1990f-words#@kvg1990f#1823.574#1823.917
463,типа,типа,PART,_,Animacy=Inan|Case=Nom|Gender=Fem|Number=Sing,_,_,_,@kvg1990f-words#@kvg1990f#1823.917#1824.26
464,как,как,SCONJ,_,_,_,_,_,@kvg1990f-words#@kvg1990f#1824.26#1824.603
465,укоренила,укоренить,VERB,_,Aspect=Perf|Gender=Fem|Mood=Ind|Number=Sing|Tense=Past|VerbForm=Fin|Voice=Act,_,_,_,@kvg1990f-words#@kvg1990f#1824.603#1824.946
466,и,и,SCONJ,_,_,_,_,_,@kvg1990f-words#@kvg1990f#1824.946#1825.289
467,я,я,PRON,_,Case=Nom|Number=Sing|Person=1,_,_,_,@kvg1990f-words#@kvg1990f#1825.289#1825.632
468,вот,вот,PART,_,_,_,_,_,@kvg1990f-words#@kvg1990f#1825.632#1825.975
469,начала,начать,VERB,_,Aspect=Perf|Gender=Fem|Mood=Ind|Number=Sing|Tense=Past|VerbForm=Fin|Voice=Act,_,_,_,@kvg1990f-words#@kvg1990f#1825.975#1826.318
470,понимать,понимать,VERB,_,Aspect=Imp|VerbForm=Inf|Voice=Act,_,_,_,@kvg1990f-words#@kvg1990f#1826.318#1826.66
471,что,что,SCONJ,_,Case=Acc,_,_,_,@kvg1990f-words#@kvg1990f#1826.66#1827.003
472,так,так,ADV,_,Degree=Pos,_,_,_,@kvg1990f-words#@kvg1990f#1827.003#1827.346
473,/,/,PUNCT,_,_,_,_,_,@kvg1990f-words#@kvg1990f#1827.346#1827.689
474,для,для,ADP,_,_,_,_,_,@kvg1990f-words#@kvg1990f#1827.689#1828.032
475,того,тот,DET,_,Animacy=Inan|Case=Gen|Gender=Neut|Number=Sing,_,_,_,@kvg1990f-words#@kvg1990f#1828.032#1828.375
476,чтобы,чтобы,SCONJ,_,Mood=Cnd,_,_,_,@kvg1990f-words#@kvg1990f#1828.375#1828.718
477,/,/,PUNCT,_,_,_,_,_,@kvg1990f-words#@kvg1990f#1828.718#1829.061
478,хорошо,хорошо,ADV,_,Degree=Pos,_,_,_,@kvg1990f-words#@kvg1990f#1829.061#1829.404
479,в,в,ADP,_,_,_,_,_,@kvg1990f-words#@kvg1990f#1829.404#1829.746
480,работе,работа,NOUN,_,Animacy=Inan|Case=Loc|Gender=Fem|Number=Sing,_,_,_,@kvg1990f-words#@kvg1990f#1829.746#1830.089
481,всё,всё,DET,_,Animacy=Inan|Case=Nom|Gender=Neut|Number=Sing,_,_,_,@kvg1990f-words#@kvg1990f#1830.089#1830.432
482,шло,идти,VERB,_,Aspect=Imp|Gender=Neut|Mood=Ind|Number=Sing|Tense=Past|VerbForm=Fin|Voice=Act,_,_,_,@kvg1990f-words#@kvg1990f#1830.432#1830.775
483,со,с,ADP,_,_,_,_,_,@kvg1990f-words#@kvg1990f#1830.775#1831.118
484,всеми,все,PRON,_,Case=Ins|Number=Plur,_,_,_,@kvg1990f-words#@kvg1990f#1831.118#1831.461
485,там,там,ADV,_,Degree=Pos,_,_,_,@kvg1990f-words#@kvg1990f#1831.461#1831.804
486,работниками,работник,NOUN,_,Animacy=Anim|Case=Ins|Gender=Masc|Number=Plur,_,_,_,@kvg1990f-words#@kvg1990f#1831.804#1832.147
487,/,/,PUNCT,_,_,_,_,_,@kvg1990f-words#@kvg1990f#1832.147#1832.49
488,или,или,CCONJ,_,_,_,_,_,@kvg1990f-words#@kvg1990f#1832.49#1832.832
489,с,с,ADP,_,_,_,_,_,@kvg1990f-words#@kvg1990f#1832.832#1833.175
490,кем,кто,PRON,_,Case=Ins,_,_,_,@kvg1990f-words#@kvg1990f#1833.175#1833.518
491,с,с,ADP,_,_,_,_,_,@kvg1990f-words#@kvg1990f#1833.518#1833.861
492,кем,кто,PRON,_,Case=Ins,_,_,_,@kvg1990f-words#@kvg1990f#1833.861#1834.204
493,ты,ты,PRON,_,Case=Nom|Number=Sing|Person=2,_,_,_,@kvg1990f-words#@kvg1990f#1834.204#1834.547
494,коллабарируешься,коллабарируться,VERB,_,Aspect=Imp|Mood=Ind|Number=Sing|Person=2|Tense=Pres|VerbForm=Fin|Voice=Mid,_,_,_,@kvg1990f-words#@kvg1990f#1834.547#1834.89
495,нужно,нужно,PRED,_,Degree=Pos|Gender=Neut|Number=Sing|Variant=Short,_,_,_,@kvg1990f-words#@kvg1990f#1834.89#1835.233
496,всегда,всегда,ADV,_,Degree=Pos,_,_,_,@kvg1990f-words#@kvg1990f#1835.233#1835.576
497,быть,быть,AUX,_,Aspect=Imp|VerbForm=Inf|Voice=Act,_,_,_,@kvg1990f-words#@kvg1990f#1835.576#1835.918
498,там,там,ADV,_,Degree=Pos,_,_,_,@kvg1990f-words#@kvg1990f#1835.918#1836.261
499,открытой,открытый,ADJ,_,Case=Ins|Degree=Pos|Gender=Fem|Number=Sing,_,_,_,@kvg1990f-words#@kvg1990f#1836.261#1836.604
500,то есть,то есть,SCONJ,_,Animacy=Inan|Case=Nom|Gender=Neut|Number=Sing,_,_,_,@kvg1990f-words#@kvg1990f#1836.604#1836.947
501,были,быть,AUX,_,Aspect=Imp|Mood=Ind|Number=Plur|Tense=Past|VerbForm=Fin|Voice=Act,_,_,_,@kvg1990f-words#@kvg1990f#1837.29#1837.633
502,моменты,момент,NOUN,_,Animacy=Inan|Case=Nom|Gender=Masc|Number=Plur,_,_,_,@kvg1990f-words#@kvg1990f#1837.633#1837.976
503,/,/,PUNCT,_,_,_,_,_,@kvg1990f-words#@kvg1990f#1837.976#1838.319
504,что,что,PRON,_,Case=Nom,_,_,_,@kvg1990f-words#@kvg1990f#1838.319#1838.662
505,мне,я,PRON,_,Case=Dat|Number=Sing|Person=1,_,_,_,@kvg1990f-words#@kvg1990f#1838.662#1839.004
506,было,быть,AUX,_,Aspect=Imp|Gender=Neut|Mood=Ind|Number=Sing|Tense=Past|VerbForm=Fin|Voice=Act,_,_,_,@kvg1990f-words#@kvg1990f#1839.004#1839.347
507,тяжело,тяжело,PRED,_,Degree=Pos|Gender=Neut|Number=Sing|Variant=Short,_,_,_,@kvg1990f-words#@kvg1990f#1839.347#1839.69
508,высказать,высказать,VERB,_,Aspect=Perf|VerbForm=Inf|Voice=Act,_,_,_,@kvg1990f-words#@kvg1990f#1839.69#1840.033
509,людям,человек,NOUN,_,Animacy=Anim|Case=Dat|Gender=Masc|Number=Plur,_,_,_,@kvg1990f-words#@kvg1990f#1840.033#1840.376
510,если,если,SCONJ,_,_,_,_,_,@kvg1990f-words#@kvg1990f#1840.376#1840.719
511,мне,я,PRON,_,Case=Dat|Number=Sing|Person=1,_,_,_,@kvg1990f-words#@kvg1990f#1840.719#1841.062
512,что-то,что-то,PRON,_,Case=Nom,_,_,_,@kvg1990f-words#@kvg1990f#1841.062#1841.405
513,не,не,PART,_,_,_,_,_,@kvg1990f-words#@kvg1990f#1841.405#1841.747
514,нравится,нравиться,VERB,_,Aspect=Imp|Mood=Ind|Number=Sing|Person=3|Tense=Pres|VerbForm=Fin|Voice=Mid,_,_,_,@kvg1990f-words#@kvg1990f#1841.747#1842.09
515,/,/,PUNCT,_,_,_,_,_,@kvg1990f-words#@kvg1990f#1842.09#1842.433
516,поэтому,поэтому,ADV,_,Degree=Pos,_,_,_,@kvg1990f-words#@kvg1990f#1842.433#1842.776
517,я,я,PRON,_,Case=Nom|Number=Sing|Person=1,_,_,_,@kvg1990f-words#@kvg1990f#1842.776#1843.119
518,очень,очень,ADV,_,Degree=Pos,_,_,_,@kvg1990f-words#@kvg1990f#1843.119#1843.462
519,хорошо,хорошо,ADV,_,Degree=Pos,_,_,_,@kvg1990f-words#@kvg1990f#1843.462#1843.805
520,понимаю,понимать,VERB,_,Aspect=Imp|Mood=Ind|Number=Sing|Person=1|Tense=Pres|VerbForm=Fin|Voice=Act,_,_,_,@kvg1990f-words#@kvg1990f#1843.805#1844.148
521,/,/,PUNCT,_,_,_,_,_,@kvg1990f-words#@kvg1990f#1844.148#1844.491
522,своего,свой,DET,_,Case=Gen|Gender=Masc|Number=Sing,_,_,_,@kvg1990f-words#@kvg1990f#1844.491#1844.833
523,бывшего,бывший,ADJ,_,Case=Gen|Degree=Pos|Gender=Masc|Number=Sing,_,_,_,@kvg1990f-words#@kvg1990f#1844.833#1845.176
524,мужа,муж,NOUN,_,Animacy=Anim|Case=Gen|Gender=Masc|Number=Sing,_,_,_,@kvg1990f-words#@kvg1990f#1845.176#1845.519
525,что,что,SCONJ,_,_,_,_,_,@kvg1990f-words#@kvg1990f#1845.519#1845.862
526,иногда,иногда,ADV,_,Degree=Pos,_,_,_,@kvg1990f-words#@kvg1990f#1845.862#1846.205
527,он,он,PRON,_,Case=Nom|Gender=Masc|Number=Sing|Person=3,_,_,_,@kvg1990f-words#@kvg1990f#1846.205#1846.548
528,видел,видеть,VERB,_,Aspect=Imp|Gender=Masc|Mood=Ind|Number=Sing|Tense=Past|VerbForm=Fin|Voice=Act,_,_,_,@kvg1990f-words#@kvg1990f#1846.548#1846.891
529,меня,я,PRON,_,Case=Acc|Number=Sing|Person=1,_,_,_,@kvg1990f-words#@kvg1990f#1846.891#1847.234
530,как,как,ADV,_,Degree=Pos,_,_,_,@kvg1990f-words#@kvg1990f#1847.234#1847.577
531,бы,бы,PART,_,_,_,_,_,@kvg1990f-words#@kvg1990f#1847.577#1847.919
532,изнутри,изнутри,ADV,_,Degree=Pos,_,_,_,@kvg1990f-words#@kvg1990f#1847.919#1848.262
533,/,/,PUNCT,_,_,_,_,_,@kvg1990f-words#@kvg1990f#1848.262#1848.605
534,видел,видеть,VERB,_,Aspect=Imp|Gender=Masc|Mood=Ind|Number=Sing|Tense=Past|VerbForm=Fin|Voice=Act,_,_,_,@kvg1990f-words#@kvg1990f#1848.605#1848.948
535,моё,мой,DET,_,Case=Acc|Gender=Neut|Number=Sing,_,_,_,@kvg1990f-words#@kvg1990f#1848.948#1849.291
536,поведение,поведение,NOUN,_,Animacy=Inan|Case=Acc|Gender=Neut|Number=Sing,_,_,_,@kvg1990f-words#@kvg1990f#1849.291#1849.634
537,где-то,где-то,ADV,_,Degree=Pos,_,_,_,@kvg1990f-words#@kvg1990f#1849.634#1849.977
538,с,с,ADP,_,_,_,_,_,@kvg1990f-words#@kvg1990f#1849.977#1850.32
539,нашими,наш,DET,_,Case=Ins|Number=Plur,_,_,_,@kvg1990f-words#@kvg1990f#1850.32#1850.663
540,какими-то,какой-то,DET,_,Case=Ins|Number=Plur,_,_,_,@kvg1990f-words#@kvg1990f#1850.663#1851.005
541,партнёрами,партнёр,NOUN,_,Animacy=Inan|Case=Ins|Gender=Fem|Number=Plur,_,_,_,@kvg1990f-words#@kvg1990f#1851.005#1851.348
542,/,/,PUNCT,_,_,_,_,_,@kvg1990f-words#@kvg1990f#1851.348#1851.691
543,и,и,CCONJ,_,_,_,_,_,@kvg1990f-words#@kvg1990f#1851.691#1852.034
544,он,он,PRON,_,Case=Nom|Gender=Masc|Number=Sing|Person=3,_,_,_,@kvg1990f-words#@kvg1990f#1852.034#1852.377
545,/,/,PUNCT,_,_,_,_,_,@kvg1990f-words#@kvg1990f#1852.377#1852.72
546,наверное,наверное,ADV,_,Degree=Pos,_,_,_,@kvg1990f-words#@kvg1990f#1852.72#1853.063
547,где-то,где-то,ADV,_,Degree=Pos,_,_,_,@kvg1990f-words#@kvg1990f#1853.063#1853.406
548,в,в,ADP,_,_,_,_,_,@kvg1990f-words#@kvg1990f#1853.406#1853.749
549,чём-то,что-то,PRON,_,Case=Loc|Gender=Masc|Number=Sing,_,_,_,@kvg1990f-words#@kvg1990f#1853.749#1854.091
550,/,/,PUNCT,_,_,_,_,_,@kvg1990f-words#@kvg1990f#1854.091#1854.434
551,старался,стараться,VERB,_,Aspect=Imp|Gender=Masc|Mood=Ind|Number=Sing|Tense=Past|VerbForm=Fin|Voice=Mid,_,_,_,@kvg1990f-words#@kvg1990f#1854.434#1854.777
552,меня,я,PRON,_,Case=Acc|Number=Sing|Person=1,_,_,_,@kvg1990f-words#@kvg1990f#1854.777#1855.12
553,/,/,PUNCT,_,_,_,_,_,@kvg1990f-words#@kvg1990f#1855.12#1855.463
554,исходя,исходить,VERB,_,Aspect=Imp|Tense=Pres|VerbForm=Conv|Voice=Act,_,_,_,@kvg1990f-words#@kvg1990f#1855.463#1855.806
555,из,из,ADP,_,_,_,_,_,@kvg1990f-words#@kvg1990f#1855.806#1856.149
556,того,то,PRON,_,Animacy=Inan|Case=Gen|Gender=Neut|Number=Sing,_,_,_,@kvg1990f-words#@kvg1990f#1856.149#1856.492
557,что,что,SCONJ,_,_,_,_,_,@kvg1990f-words#@kvg1990f#1856.492#1856.835
558,у,у,ADP,_,_,_,_,_,@kvg1990f-words#@kvg1990f#1856.835#1857.177
559,него,он,PRON,_,Case=Gen|Gender=Masc|Number=Sing|Person=3,_,_,_,@kvg1990f-words#@kvg1990f#1857.177#1857.52
560,опыта,опыт,NOUN,_,Animacy=Inan|Case=Gen|Gender=Masc|Number=Sing,_,_,_,@kvg1990f-words#@kvg1990f#1857.52#1857.863
561,больше,больше,ADV,_,Degree=Cmp,_,_,_,@kvg1990f-words#@kvg1990f#1857.863#1858.206
562,воспитывать,воспитывать,VERB,_,Aspect=Imp|VerbForm=Inf|Voice=Act,_,_,_,@kvg1990f-words#@kvg1990f#1858.206#1858.549
563,/,/,PUNCT,_,_,_,_,_,@kvg1990f-words#@kvg1990f#1858.549#1858.892
564,вот,вот,PART,_,_,_,_,_,@kvg1990f-words#@kvg1990f#1858.892#1859.235
565,/,/,PUNCT,_,_,_,_,_,@kvg1990f-words#@kvg1990f#1859.235#1859.578
566,но,но,CCONJ,_,_,_,_,_,@kvg1990f-words#@kvg1990f#1859.578#1859.921
567,не,не,PART,_,_,_,_,_,@kvg1990f-words#@kvg1990f#1861.529#1862.024
568,могут,мочь,VERB,_,Aspect=Imp|Mood=Ind|Number=Plur|Person=3|Tense=Pres|VerbForm=Fin|Voice=Act,_,_,_,@kvg1990f-words#@kvg1990f#1862.024#1862.519
569,стать,стать,VERB,_,Aspect=Perf|VerbForm=Inf|Voice=Mid,_,_,_,@kvg1990f-words#@kvg1990f#1862.519#1863.014
570,полноценными,полноценный,ADJ,_,Case=Ins|Degree=Pos|Number=Plur,_,_,_,@kvg1990f-words#@kvg1990f#1863.014#1863.51
571,счастливыми,счастливый,ADJ,_,Case=Ins|Degree=Pos|Number=Plur,_,_,_,@kvg1990f-words#@kvg1990f#1863.51#1864.005
572,отношениями,отношение,NOUN,_,Animacy=Inan|Case=Ins|Gender=Neut|Number=Plur,_,_,_,@kvg1990f-words#@kvg1990f#1864.005#1864.5
573,те,тот,DET,_,Case=Acc|Number=Plur,_,_,_,@kvg1990f-words#@kvg1990f#1864.5#1864.996
574,/,/,PUNCT,_,_,_,_,_,@kvg1990f-words#@kvg1990f#1864.996#1865.491
575,где,где,ADV,_,Degree=Pos,_,_,_,@kvg1990f-words#@kvg1990f#1865.491#1865.986
576,партнёры,партнёр,NOUN,_,Animacy=Inan|Case=Nom|Gender=Fem|Number=Plur,_,_,_,@kvg1990f-words#@kvg1990f#1865.986#1866.481
577,где,где,ADV,_,Degree=Pos,_,_,_,@kvg1990f-words#@kvg1990f#1866.481#1866.977
578,кто-то,кто-то,PRON,_,Case=Nom,_,_,_,@kvg1990f-words#@kvg1990f#1866.977#1867.472
579,кого-то,кто-то,PRON,_,Case=Acc,_,_,_,@kvg1990f-words#@kvg1990f#1867.472#1867.967
580,воспитывает,воспитывать,VERB,_,Aspect=Imp|Mood=Ind|Number=Sing|Person=3|Tense=Pres|VerbForm=Fin|Voice=Act,_,_,_,@kvg1990f-words#@kvg1990f#1867.967#1868.463
581,они,они,PRON,_,Case=Nom|Number=Plur|Person=3,_,_,_,@kvg1990f-words#@kvg1990f#1868.689#1868.993
582,там,там,ADV,_,Degree=Pos,_,_,_,@kvg1990f-words#@kvg1990f#1868.993#1869.298
583,будут,быть,AUX,_,Aspect=Imp|Mood=Ind|Number=Plur|Person=3|Tense=Pres|VerbForm=Fin|Voice=Act,_,_,_,@kvg1990f-words#@kvg1990f#1869.298#1869.603
584,постоянно,постоянно,ADV,_,Degree=Pos,_,_,_,@kvg1990f-words#@kvg1990f#1869.603#1869.907
585,недовольные,недовольный,ADJ,_,Case=Nom|Degree=Pos|Number=Plur,_,_,_,@kvg1990f-words#@kvg1990f#1869.907#1870.212
586,это,это,PRON,_,Animacy=Inan|Case=Nom|Gender=Neut|Number=Sing,_,_,_,@kvg1990f-words#@kvg1990f#1870.212#1870.517
587,закончится,закончиться,VERB,_,Aspect=Perf|Mood=Ind|Number=Sing|Person=3|Tense=Fut|VerbForm=Fin|Voice=Mid,_,_,_,@kvg1990f-words#@kvg1990f#1870.517#1870.821
588,плохо,плохо,ADV,_,Degree=Pos,_,_,_,@kvg1990f-words#@kvg1990f#1870.821#1871.126
589,рано,рано,ADV,_,Degree=Pos,_,_,_,@kvg1990f-words#@kvg1990f#1871.126#1871.431
590,или,или,CCONJ,_,_,_,_,_,@kvg1990f-words#@kvg1990f#1871.431#1871.735
591,поздно,поздно,ADV,_,Degree=Pos,_,_,_,@kvg1990f-words#@kvg1990f#1871.735#1872.04
592,только,только,PART,_,_,_,_,_,@kvg1990f-words#@kvg1990f#1872.04#1872.345
593,кто-то,кто-то,PRON,_,Case=Nom,_,_,_,@kvg1990f-words#@kvg1990f#1872.345#1872.649
594,протянет,протянуть,VERB,_,Aspect=Perf|Mood=Ind|Number=Sing|Person=3|Tense=Fut|VerbForm=Fin|Voice=Act,_,_,_,@kvg1990f-words#@kvg1990f#1872.649#1872.954
595,это,это,PRON,_,Animacy=Inan|Case=Acc|Gender=Neut|Number=Sing,_,_,_,@kvg1990f-words#@kvg1990f#1872.954#1873.259
596,на,на,ADP,_,_,_,_,_,@kvg1990f-words#@kvg1990f#1873.259#1873.563
597,двадцать,двадцать,NUM,_,Case=Acc,_,_,_,@kvg1990f-words#@kvg1990f#1873.563#1873.868
598,лет,год,NOUN,_,Animacy=Inan|Case=Gen|Gender=Masc|Number=Plur,_,_,_,@kvg1990f-words#@kvg1990f#1873.868#1874.173
599,а,а,CCONJ,_,_,_,_,_,@kvg1990f-words#@kvg1990f#1874.173#1874.477
600,потом,потом,ADV,_,Degree=Pos,_,_,_,@kvg1990f-words#@kvg1990f#1874.477#1874.782
601,скажет,сказать,VERB,_,Aspect=Perf|Mood=Ind|Number=Sing|Person=3|Tense=Fut|VerbForm=Fin|Voice=Act,_,_,_,@kvg1990f-words#@kvg1990f#1874.782#1875.087
602,я,я,PRON,_,Case=Nom|Number=Sing|Person=1,_,_,_,@kvg1990f-words#@kvg1990f#1875.087#1875.391
603,всю,весь,DET,_,Case=Acc|Gender=Fem|Number=Sing,_,_,_,@kvg1990f-words#@kvg1990f#1875.391#1875.696
604,свою,свой,DET,_,Case=Acc|Gender=Fem|Number=Sing,_,_,_,@kvg1990f-words#@kvg1990f#1875.696#1876.001
605,молодость,молодость,NOUN,_,Animacy=Inan|Case=Acc|Gender=Fem|Number=Sing,_,_,_,@kvg1990f-words#@kvg1990f#1876.001#1876.305
606,потратил,потратить,VERB,_,Aspect=Perf|Gender=Masc|Mood=Ind|Number=Sing|Tense=Past|VerbForm=Fin|Voice=Act,_,_,_,@kvg1990f-words#@kvg1990f#1876.305#1876.61
607,/,/,PUNCT,_,_,_,_,_,@kvg1990f-words#@kvg1990f#1876.61#1876.915
608,и,и,CCONJ,_,_,_,_,_,@kvg1990f-words#@kvg1990f#1876.915#1877.219
609,зря,зря,ADV,_,Degree=Pos,_,_,_,@kvg1990f-words#@kvg1990f#1877.219#1877.524
610,я,я,PRON,_,Case=Nom|Number=Sing|Person=1,_,_,_,@kvg1990f-words#@kvg1990f#1877.524#1877.829
611,короче,коротко,ADV,_,Degree=Cmp,_,_,_,@kvg1990f-words#@kvg1990f#1877.829#1878.133
612,мучился,мучиться,VERB,_,Aspect=Perf|Gender=Masc|Mood=Ind|Number=Sing|Tense=Past|VerbForm=Fin|Voice=Mid,_,_,_,@kvg1990f-words#@kvg1990f#1878.133#1878.438
613,там,там,ADV,_,Degree=Pos,_,_,_,@kvg1990f-words#@kvg1990f#1878.438#1878.743
614,надо,надо,ADV,_,Degree=Pos,_,_,_,@kvg1990f-words#@kvg1990f#1878.743#1879.047
615,было,быть,AUX,_,Aspect=Imp|Gender=Neut|Mood=Ind|Number=Sing|Tense=Past|VerbForm=Fin|Voice=Act,_,_,_,@kvg1990f-words#@kvg1990f#1879.047#1879.352
616,раньше,рано,ADV,_,Degree=Cmp,_,_,_,@kvg1990f-words#@kvg1990f#1879.352#1879.657
617,/,/,PUNCT,_,_,_,_,_,@kvg1990f-words#@kvg1990f#1879.657#1879.962
618,а,а,CCONJ,_,_,_,_,_,@kvg1990f-words#@kvg1990f#1879.962#1880.266
619,кто-то,кто-то,PRON,_,Case=Nom,_,_,_,@kvg1990f-words#@kvg1990f#1880.266#1880.571
620,скажет,сказать,VERB,_,Aspect=Perf|Mood=Ind|Number=Sing|Person=3|Tense=Fut|VerbForm=Fin|Voice=Act,_,_,_,@kvg1990f-words#@kvg1990f#1880.571#1880.876
621,спасибо,спасибо,NOUN,_,Animacy=Inan|Case=Acc|Gender=Neut|Number=Sing,_,_,_,@kvg1990f-words#@kvg1990f#1880.876#1881.18
622,/,/,PUNCT,_,_,_,_,_,@kvg1990f-words#@kvg1990f#1881.18#1881.485
623,мы,мы,PRON,_,Case=Nom|Number=Plur|Person=1,_,_,_,@kvg1990f-words#@kvg1990f#1881.485#1881.79
624,там,там,ADV,_,Degree=Pos,_,_,_,@kvg1990f-words#@kvg1990f#1881.79#1882.094
625,с,с,ADP,_,_,_,_,_,@kvg1990f-words#@kvg1990f#1882.094#1882.399
626,этого,это,PRON,_,Animacy=Inan|Case=Gen|Gender=Neut|Number=Sing,_,_,_,@kvg1990f-words#@kvg1990f#1882.399#1882.704
627,подчерпнули,подчерпнуть,VERB,_,Aspect=Perf|Mood=Ind|Number=Plur|Tense=Past|VerbForm=Fin|Voice=Act,_,_,_,@kvg1990f-words#@kvg1990f#1882.704#1883.008
628,давай,давать,VERB,_,Aspect=Imp|Mood=Imp|Number=Sing|Person=2|VerbForm=Fin|Voice=Act,_,_,_,@kvg1990f-words#@kvg1990f#1883.008#1883.313
629,теперь,теперь,ADV,_,Degree=Pos,_,_,_,@kvg1990f-words#@kvg1990f#1883.313#1883.618
630,по-новому,по-новому,ADV,_,Degree=Pos,_,_,_,@kvg1990f-words#@kvg1990f#1883.618#1883.922
631,/,/,PUNCT,_,_,_,_,_,@kvg1990f-words#@kvg1990f#1883.922#1884.227
632,ну,ну,PART,_,_,_,_,_,@kvg1990f-words#@kvg1990f#1884.227#1884.532
633,/,/,PUNCT,_,_,_,_,_,@kvg1990f-words#@kvg1990f#1884.532#1884.836
634,понимаете,понимать,VERB,_,Aspect=Imp|Mood=Ind|Number=Plur|Person=2|Tense=Pres|VerbForm=Fin|Voice=Act,_,_,_,@kvg1990f-words#@kvg1990f#1884.836#1885.141
635,как,как,SCONJ,_,_,_,_,_,@kvg1990f-words#@kvg1990f#1885.141#1885.446
636,и,и,PART,_,_,_,_,_,@kvg1990f-words#@kvg1990f#1885.446#1885.75
637,эта,этот,DET,_,Case=Nom|Gender=Fem|Number=Sing,_,_,_,@kvg1990f-words#@kvg1990f#1885.75#1886.055
638,жизнь,жизнь,NOUN,_,Animacy=Inan|Case=Nom|Gender=Fem|Number=Sing,_,_,_,@kvg1990f-words#@kvg1990f#1886.055#1886.36
639,не,не,PART,_,_,_,_,_,@kvg1990f-words#@kvg1990f#1886.36#1886.664
640,вечна,вечный,ADJ,_,Degree=Pos|Gender=Fem|Number=Sing|Variant=Short,_,_,_,@kvg1990f-words#@kvg1990f#1886.664#1886.969
641,так,так,ADV,_,Degree=Pos,_,_,_,@kvg1990f-words#@kvg1990f#1886.969#1887.274
642,и,и,PART,_,_,_,_,_,@kvg1990f-words#@kvg1990f#1887.274#1887.578
643,наши,наш,DET,_,Case=Nom|Number=Plur,_,_,_,@kvg1990f-words#@kvg1990f#1887.578#1887.883
644,чувства,чувство,NOUN,_,Animacy=Inan|Case=Nom|Gender=Neut|Number=Plur,_,_,_,@kvg1990f-words#@kvg1990f#1887.883#1888.188
645,не,не,PART,_,_,_,_,_,@kvg1990f-words#@kvg1990f#1888.188#1888.492
646,вечны,вечный,ADJ,_,Degree=Pos|Number=Plur|Variant=Short,_,_,_,@kvg1990f-words#@kvg1990f#1888.492#1888.797
647,и,и,CCONJ,_,_,_,_,_,@kvg1990f-words#@kvg1990f#1888.797#1889.102
648,я,я,PRON,_,Case=Nom|Number=Sing|Person=1,_,_,_,@kvg1990f-words#@kvg1990f#1889.102#1889.406
649,вот,вот,PART,_,_,_,_,_,@kvg1990f-words#@kvg1990f#1889.406#1889.711
650,поняла,понять,VERB,_,Aspect=Perf|Gender=Fem|Mood=Ind|Number=Sing|Tense=Past|VerbForm=Fin|Voice=Act,_,_,_,@kvg1990f-words#@kvg1990f#1889.711#1890.016
651,/,/,PUNCT,_,_,_,_,_,@kvg1990f-words#@kvg1990f#1890.016#1890.321
652,что,что,SCONJ,_,_,_,_,_,@kvg1990f-words#@kvg1990f#1890.321#1890.625
653,нужно,нужный,ADJ,_,Degree=Pos|Gender=Neut|Number=Sing|Variant=Short,_,_,_,@kvg1990f-words#@kvg1990f#1890.625#1890.93
654,очень,очень,ADV,_,Degree=Pos,_,_,_,@kvg1990f-words#@kvg1990f#1890.93#1891.235
655,сильно,сильно,ADV,_,Degree=Pos,_,_,_,@kvg1990f-words#@kvg1990f#1891.235#1891.539
656,ценить,ценить,VERB,_,Aspect=Imp|VerbForm=Inf|Voice=Act,_,_,_,@kvg1990f-words#@kvg1990f#1891.539#1891.844
657,и,и,CCONJ,_,_,_,_,_,@kvg1990f-words#@kvg1990f#1891.844#1892.149
658,уважать,уважать,VERB,_,Aspect=Imp|VerbForm=Inf|Voice=Act,_,_,_,@kvg1990f-words#@kvg1990f#1892.149#1892.453
659,но,но,CCONJ,_,_,_,_,_,@kvg1990f-words#@kvg1990f#1892.453#1892.758
660,вот,вот,PART,_,_,_,_,_,@kvg1990f-words#@kvg1990f#1892.758#1893.063
661,это,это,PRON,_,Animacy=Inan|Case=Nom|Gender=Neut|Number=Sing,_,_,_,@kvg1990f-words#@kvg1990f#1893.063#1893.367
662,вот,вот,PART,_,_,_,_,_,@kvg1990f-words#@kvg1990f#1893.367#1893.672
663,все...всем...весь,все...всем...весь,DET,_,Case=Acc|Gender=Masc|Number=Sing,_,_,_,@kvg1990f-words#@kvg1990f#1893.672#1893.977
664,мой,мой,DET,_,Case=Acc|Gender=Masc|Number=Sing,_,_,_,@kvg1990f-words#@kvg1990f#1893.977#1894.281
665,опыт,опыт,NOUN,_,Animacy=Inan|Case=Acc|Gender=Masc|Number=Sing,_,_,_,@kvg1990f-words#@kvg1990f#1894.281#1894.586
666,да,да,PART,_,_,_,_,_,@kvg1990f-words#@kvg1990f#1894.586#1894.891
667,он,он,PRON,_,Case=Nom|Gender=Masc|Number=Sing|Person=3,_,_,_,@kvg1990f-words#@kvg1990f#1894.891#1895.195
668,привёл,привести,VERB,_,Aspect=Perf|Gender=Masc|Mood=Ind|Number=Sing|Tense=Past|VerbForm=Fin|Voice=Act,_,_,_,@kvg1990f-words#@kvg1990f#1895.195#1895.5
669,меня,я,PRON,_,Case=Acc|Number=Sing|Person=1,_,_,_,@kvg1990f-words#@kvg1990f#1895.5#1895.805
670,к,к,ADP,_,_,_,_,_,@kvg1990f-words#@kvg1990f#1895.805#1896.109
671,тому,то,PRON,_,Animacy=Inan|Case=Dat|Gender=Neut|Number=Sing,_,_,_,@kvg1990f-words#@kvg1990f#1896.109#1896.414
672,что,что,SCONJ,_,_,_,_,_,@kvg1990f-words#@kvg1990f#1896.414#1896.719
673,нужно,нужный,ADJ,_,Degree=Pos|Gender=Neut|Number=Sing|Variant=Short,_,_,_,@kvg1990f-words#@kvg1990f#1896.719#1897.023
674,быть,быть,AUX,_,Aspect=Imp|VerbForm=Inf|Voice=Act,_,_,_,@kvg1990f-words#@kvg1990f#1897.023#1897.328
675,честной,честный,ADJ,_,Case=Ins|Degree=Pos|Gender=Fem|Number=Sing,_,_,_,@kvg1990f-words#@kvg1990f#1897.328#1897.633
676,открытой,открытый,ADJ,_,Case=Ins|Degree=Pos|Gender=Fem|Number=Sing,_,_,_,@kvg1990f-words#@kvg1990f#1897.633#1897.937
677,откровенной,откровенный,ADJ,_,Case=Ins|Degree=Pos|Gender=Fem|Number=Sing,_,_,_,@kvg1990f-words#@kvg1990f#1897.937#1898.242
678,/,/,PUNCT,_,_,_,_,_,@kvg1990f-words#@kvg1990f#1898.242#1898.547
679,и,и,CCONJ,_,_,_,_,_,@kvg1990f-words#@kvg1990f#1898.547#1898.851
680,ответственной,ответственный,ADJ,_,Case=Loc|Degree=Pos|Gender=Fem|Number=Sing,_,_,_,@kvg1990f-words#@kvg1990f#1898.851#1899.156
681,за,за,ADP,_,_,_,_,_,@kvg1990f-words#@kvg1990f#1899.156#1899.461
682,свои,свой,DET,_,Case=Acc|Number=Plur,_,_,_,@kvg1990f-words#@kvg1990f#1899.461#1899.765
683,поступки,поступок,NOUN,_,Animacy=Inan|Case=Acc|Gender=Masc|Number=Plur,_,_,_,@kvg1990f-words#@kvg1990f#1899.765#1900.07
684,и,и,CCONJ,_,_,_,_,_,@kvg1990f-words#@kvg1990f#1900.07#1900.375
685,слова,слово,NOUN,_,Animacy=Inan|Case=Acc|Gender=Neut|Number=Plur,_,_,_,@kvg1990f-words#@kvg1990f#1900.375#1900.68
686,вот,вот,PART,_,_,_,_,_,@kvg1990f-words#@kvg1990f#1901.125#1901.447
687,/,/,PUNCT,_,_,_,_,_,@kvg1990f-words#@kvg1990f#1901.447#1901.769
688,поэтому,поэтому,ADV,_,Degree=Pos,_,_,_,@kvg1990f-words#@kvg1990f#1901.769#1902.092
689,то,то,SCONJ,_,_,_,_,_,@kvg1990f-words#@kvg1990f#1902.092#1902.414
690,о,о,ADP,_,_,_,_,_,@kvg1990f-words#@kvg1990f#1902.414#1902.737
691,чём,что,PRON,_,Case=Loc,_,_,_,@kvg1990f-words#@kvg1990f#1902.737#1903.059
692,там,там,ADV,_,Degree=Pos,_,_,_,@kvg1990f-words#@kvg1990f#1903.059#1903.382
693,речь,речь,NOUN,_,Animacy=Inan|Case=Nom|Gender=Fem|Number=Sing,_,_,_,@kvg1990f-words#@kvg1990f#1903.382#1903.704
694,шла,идти,VERB,_,Aspect=Imp|Gender=Fem|Mood=Ind|Number=Sing|Tense=Past|VerbForm=Fin|Voice=Act,_,_,_,@kvg1990f-words#@kvg1990f#1903.704#1904.026
695,/,/,PUNCT,_,_,_,_,_,@kvg1990f-words#@kvg1990f#1904.026#1904.349
696,в,в,ADP,_,_,_,_,_,@kvg1990f-words#@kvg1990f#1904.349#1904.671
697,вопросе,вопрос,NOUN,_,Animacy=Inan|Case=Loc|Gender=Masc|Number=Sing,_,_,_,@kvg1990f-words#@kvg1990f#1904.671#1904.994
698,/,/,PUNCT,_,_,_,_,_,@kvg1990f-words#@kvg1990f#1904.994#1905.316
699,сейчас,сейчас,ADV,_,Degree=Pos,_,_,_,@kvg1990f-words#@kvg1990f#1905.316#1905.639
700,за,за,ADP,_,_,_,_,_,@kvg1990f-words#@kvg1990f#1905.639#1905.961
701,какие-т...,какие-т...,X,_,_,_,_,_,@kvg1990f-words#@kvg1990f#1905.961#1906.283
702,ну,ну,PART,_,_,_,_,_,@kvg1990f-words#@kvg1990f#1906.283#1906.606
703,сейчас,сейчас,ADV,_,Degree=Pos,_,_,_,@kvg1990f-words#@kvg1990f#1906.606#1906.928
704,бы,бы,AUX,_,_,_,_,_,@kvg1990f-words#@kvg1990f#1906.928#1907.251
705,я,я,PRON,_,Case=Nom|Number=Sing|Person=1,_,_,_,@kvg1990f-words#@kvg1990f#1907.251#1907.573
706,уже,уже,ADV,_,Degree=Pos,_,_,_,@kvg1990f-words#@kvg1990f#1907.573#1907.896
707,так,так,ADV,_,Degree=Pos,_,_,_,@kvg1990f-words#@kvg1990f#1907.896#1908.218
708,не,не,PART,_,_,_,_,_,@kvg1990f-words#@kvg1990f#1908.218#1908.541
709,говорила,говорить,VERB,_,Aspect=Imp|Gender=Fem|Mood=Ind|Number=Sing|Tense=Past|VerbForm=Fin|Voice=Act,_,_,_,@kvg1990f-words#@kvg1990f#1908.541#1908.863
710,/,/,PUNCT,_,_,_,_,_,@kvg1990f-words#@kvg1990f#1908.863#1909.185
711,это,это,PRON,_,Animacy=Inan|Case=Nom|Gender=Neut|Number=Sing,_,_,_,@kvg1990f-words#@kvg1990f#1909.185#1909.508
712,была,быть,AUX,_,Aspect=Imp|Gender=Fem|Mood=Ind|Number=Sing|Tense=Past|VerbForm=Fin|Voice=Act,_,_,_,@kvg1990f-words#@kvg1990f#1909.508#1909.83
713,я,я,PRON,_,Case=Nom|Number=Sing|Person=1,_,_,_,@kvg1990f-words#@kvg1990f#1909.83#1910.153
714,в,в,ADP,_,_,_,_,_,@kvg1990f-words#@kvg1990f#1910.153#1910.475
715,прошлом,прошлое,NOUN,_,Animacy=Inan|Case=Loc|Gender=Neut|Number=Sing,_,_,_,@kvg1990f-words#@kvg1990f#1910.475#1910.798
716,/,/,PUNCT,_,_,_,_,_,@kvg1990f-words#@kvg1990f#1910.798#1911.12
717,и,и,CCONJ,_,_,_,_,_,@kvg1990f-words#@kvg1990f#1911.12#1911.442
718,я,я,PRON,_,Case=Nom|Number=Sing|Person=1,_,_,_,@kvg1990f-words#@kvg1990f#1911.442#1911.765
719,себя,себя,PRON,_,Case=Acc,_,_,_,@kvg1990f-words#@kvg1990f#1911.765#1912.087
720,принимаю,принимать,VERB,_,Aspect=Imp|Mood=Ind|Number=Sing|Person=1|Tense=Pres|VerbForm=Fin|Voice=Act,_,_,_,@kvg1990f-words#@kvg1990f#1912.087#1912.41
721,такой,такой,DET,_,Case=Ins|Gender=Fem|Number=Sing,_,_,_,@kvg1990f-words#@kvg1990f#1912.41#1912.732
722,какой,какой,DET,_,Case=Ins|Gender=Fem|Number=Sing,_,_,_,@kvg1990f-words#@kvg1990f#1912.732#1913.055
723,я,я,PRON,_,Case=Nom|Number=Sing|Person=1,_,_,_,@kvg1990f-words#@kvg1990f#1913.055#1913.377
724,была,быть,AUX,_,Aspect=Imp|Gender=Fem|Mood=Ind|Number=Sing|Tense=Past|VerbForm=Fin|Voice=Act,_,_,_,@kvg1990f-words#@kvg1990f#1913.377#1913.7
725,человеком,человек,NOUN,_,Animacy=Anim|Case=Ins|Gender=Masc|Number=Sing,_,_,_,@kvg1990f-words#@kvg1990f#1915.9#1916.241
726,/,/,PUNCT,_,_,_,_,_,@kvg1990f-words#@kvg1990f#1916.241#1916.583
727,которому,который,PRON,_,Case=Dat,_,_,_,@kvg1990f-words#@kvg1990f#1916.583#1916.925
728,вот,вот,PART,_,_,_,_,_,@kvg1990f-words#@kvg1990f#1916.925#1917.267
729,казалось,казаться,VERB,_,Aspect=Imp|Gender=Neut|Mood=Ind|Number=Sing|Tense=Past|VerbForm=Fin|Voice=Mid,_,_,_,@kvg1990f-words#@kvg1990f#1917.267#1917.608
730,что,что,SCONJ,_,_,_,_,_,@kvg1990f-words#@kvg1990f#1917.608#1917.95
731,все,все,PRON,_,Animacy=Anim|Case=Nom|Number=Plur,_,_,_,@kvg1990f-words#@kvg1990f#1917.95#1918.292
732,ему,он,PRON,_,Case=Dat|Gender=Masc|Number=Sing|Person=3,_,_,_,@kvg1990f-words#@kvg1990f#1918.292#1918.634
733,/,/,PUNCT,_,_,_,_,_,@kvg1990f-words#@kvg1990f#1918.634#1918.975
734,ну,ну,PART,_,_,_,_,_,@kvg1990f-words#@kvg1990f#1918.975#1919.317
735,мешают,мешать,VERB,_,Aspect=Imp|Mood=Ind|Number=Plur|Person=3|Tense=Pres|VerbForm=Fin|Voice=Act,_,_,_,@kvg1990f-words#@kvg1990f#1919.317#1919.659
736,вот,вот,PART,_,_,_,_,_,@kvg1990f-words#@kvg1990f#1919.659#1920.001
737,хотя,хотя,PART,_,_,_,_,_,@kvg1990f-words#@kvg1990f#1920.001#1920.342
738,/,/,PUNCT,_,_,_,_,_,@kvg1990f-words#@kvg1990f#1920.342#1920.684
739,хотя,хотя,SCONJ,_,_,_,_,_,@kvg1990f-words#@kvg1990f#1920.684#1921.026
740,по,по,ADP,_,_,_,_,_,@kvg1990f-words#@kvg1990f#1921.026#1921.368
741,сути,суть,NOUN,_,Animacy=Inan|Case=Dat|Gender=Fem|Number=Sing,_,_,_,@kvg1990f-words#@kvg1990f#1921.368#1921.709
742,была,быть,AUX,_,Aspect=Imp|Gender=Fem|Mood=Ind|Number=Sing|Tense=Past|VerbForm=Fin|Voice=Act,_,_,_,@kvg1990f-words#@kvg1990f#1921.709#1922.051
743,бы,бы,AUX,_,_,_,_,_,@kvg1990f-words#@kvg1990f#1922.051#1922.393
744,я,я,PRON,_,Case=Nom|Number=Sing|Person=1,_,_,_,@kvg1990f-words#@kvg1990f#1922.393#1922.735
745,сейчас,сейчас,ADV,_,Degree=Pos,_,_,_,@kvg1990f-words#@kvg1990f#1922.735#1923.076
746,я,я,PRON,_,Case=Nom|Number=Sing|Person=1,_,_,_,@kvg1990f-words#@kvg1990f#1923.076#1923.418
747,бы,бы,AUX,_,_,_,_,_,@kvg1990f-words#@kvg1990f#1923.418#1923.76
748,сказала,сказать,VERB,_,Aspect=Perf|Gender=Fem|Mood=Ind|Number=Sing|Tense=Past|VerbForm=Fin|Voice=Act,_,_,_,@kvg1990f-words#@kvg1990f#1923.76#1924.102
749,ребя...,ребя...,Х,_,_,_,_,_,@kvg1990f-words#@kvg1990f#1924.102#1924.443
750,ну,ну,PART,_,_,_,_,_,@kvg1990f-words#@kvg1990f#1924.443#1924.785
751,кому-то,кто-то,PRON,_,Case=Dat,_,_,_,@kvg1990f-words#@kvg1990f#1924.785#1925.127
752,ж,же,PART,_,_,_,_,_,@kvg1990f-words#@kvg1990f#1925.127#1925.469
753,это,это,PRON,_,Animacy=Inan|Case=Nom|Gender=Neut|Number=Sing,_,_,_,@kvg1990f-words#@kvg1990f#1925.469#1925.81
754,не,не,PART,_,_,_,_,_,@kvg1990f-words#@kvg1990f#1925.81#1926.152
755,нравится,нравиться,VERB,_,Aspect=Imp|Mood=Ind|Number=Sing|Person=3|Tense=Pres|VerbForm=Fin|Voice=Mid,_,_,_,@kvg1990f-words#@kvg1990f#1926.152#1926.494
756,/,/,PUNCT,_,_,_,_,_,@kvg1990f-words#@kvg1990f#1926.494#1926.836
757,до,до,ADP,_,_,_,_,_,@kvg1990f-words#@kvg1990f#1926.836#1927.177
758,свидания,свидание,NOUN,_,Animacy=Inan|Case=Gen|Gender=Neut|Number=Sing,_,_,_,@kvg1990f-words#@kvg1990f#1927.177#1927.519
759,ну,ну,PART,_,_,_,_,_,@kvg1990f-words#@kvg1990f#1927.519#1927.861
760,как,как,ADV,_,Degree=Pos,_,_,_,@kvg1990f-words#@kvg1990f#1927.861#1928.203
761,бы,бы,PART,_,_,_,_,_,@kvg1990f-words#@kvg1990f#1928.203#1928.544
762,и,и,PART,_,_,_,_,_,@kvg1990f-words#@kvg1990f#1928.544#1928.886
763,нормально,нормально,ADV,_,Degree=Pos,_,_,_,@kvg1990f-words#@kvg1990f#1928.886#1929.228
764,у,у,ADP,_,_,_,_,_,@kvg1990f-words#@kvg1990f#1929.228#1929.57
765,меня,я,PRON,_,Case=Gen|Number=Sing|Person=1,_,_,_,@kvg1990f-words#@kvg1990f#1929.57#1929.911
766,вот,вот,PART,_,_,_,_,_,@kvg1990f-words#@kvg1990f#1929.911#1930.253
767,есть,быть,VERB,_,Aspect=Imp|Mood=Ind|Number=Sing|Person=3|Tense=Pres|VerbForm=Fin|Voice=Act,_,_,_,@kvg1990f-words#@kvg1990f#1930.253#1930.595
768,свой,свой,DET,_,Case=Nom|Gender=Masc|Number=Sing,_,_,_,@kvg1990f-words#@kvg1990f#1930.595#1930.937
769,план,план,NOUN,_,Animacy=Inan|Case=Nom|Gender=Masc|Number=Sing,_,_,_,@kvg1990f-words#@kvg1990f#1930.937#1931.278
770,/,/,PUNCT,_,_,_,_,_,@kvg1990f-words#@kvg1990f#1931.278#1931.62
771,а,а,CCONJ,_,_,_,_,_,@kvg1990f-words#@kvg1990f#1931.62#1931.962
772,тогда,тогда,ADV,_,Degree=Pos,_,_,_,@kvg1990f-words#@kvg1990f#1931.962#1932.304
773,вот,вот,PART,_,_,_,_,_,@kvg1990f-words#@kvg1990f#1932.304#1932.645
774,я,я,PRON,_,Case=Nom|Number=Sing|Person=1,_,_,_,@kvg1990f-words#@kvg1990f#1932.645#1932.987
775,это,это,PRON,_,Animacy=Inan|Case=Acc|Gender=Neut|Number=Sing,_,_,_,@kvg1990f-words#@kvg1990f#1932.987#1933.329
776,мусолила,мусолить,VERB,_,Aspect=Perf|Gender=Fem|Mood=Ind|Number=Sing|Tense=Past|VerbForm=Fin|Voice=Act,_,_,_,@kvg1990f-words#@kvg1990f#1933.329#1933.671
777,/,/,PUNCT,_,_,_,_,_,@kvg1990f-words#@kvg1990f#1933.671#1934.012
778,ну,ну,PART,_,_,_,_,_,@kvg1990f-words#@kvg1990f#1934.012#1934.354
779,опять-таки,опять-таки,ADV,_,Degree=Pos,_,_,_,@kvg1990f-words#@kvg1990f#1934.354#1934.696
780,/,/,PUNCT,_,_,_,_,_,@kvg1990f-words#@kvg1990f#1934.696#1935.038
781,у,у,ADP,_,_,_,_,_,@kvg1990f-words#@kvg1990f#1935.038#1935.379
782,всех,все,PRON,_,Animacy=Anim|Case=Gen|Number=Plur,_,_,_,@kvg1990f-words#@kvg1990f#1935.379#1935.721
783,в,в,ADP,_,_,_,_,_,@kvg1990f-words#@kvg1990f#1935.721#1936.063
784,своё,свой,DET,_,Case=Acc|Gender=Neut|Number=Sing,_,_,_,@kvg1990f-words#@kvg1990f#1936.063#1936.405
785,время,время,NOUN,_,Animacy=Inan|Case=Acc|Gender=Neut|Number=Sing,_,_,_,@kvg1990f-words#@kvg1990f#1936.405#1936.746
786,приходит,прийти,VERB,_,Aspect=Imp|Mood=Ind|Number=Sing|Person=3|Tense=Pres|VerbForm=Fin|Voice=Act,_,_,_,@kvg1990f-words#@kvg1990f#1936.746#1937.088
787,/,/,PUNCT,_,_,_,_,_,@kvg1990f-words#@kvg1990f#1937.088#1937.43
788,простые,простой,ADJ,_,Animacy=Inan|Case=Acc|Degree=Pos|Number=Plur,_,_,_,@kvg1990f-words#@kvg1990f#1937.43#1937.772
789,вещи,вещь,NOUN,_,Animacy=Inan|Case=Acc|Gender=Fem|Number=Plur,_,_,_,@kvg1990f-words#@kvg1990f#1937.772#1938.113
790,женские,женский,ADJ,_,Case=Nom|Degree=Pos|Number=Plur,_,_,_,@kvg1990f-words#@kvg1990f#1938.113#1938.455
791,которые,который,PRON,_,Case=Nom,_,_,_,@kvg1990f-words#@kvg1990f#1938.455#1938.797
792,/,/,PUNCT,_,_,_,_,_,@kvg1990f-words#@kvg1990f#1938.797#1939.139
793,раньше,рано,ADV,_,Degree=Cmp,_,_,_,@kvg1990f-words#@kvg1990f#1939.139#1939.48
794,ты,ты,PRON,_,Case=Nom|Number=Sing|Person=2,_,_,_,@kvg1990f-words#@kvg1990f#1939.48#1939.822
795,не,не,PART,_,_,_,_,_,@kvg1990f-words#@kvg1990f#1939.822#1940.164
796,понимал,понимать,VERB,_,Aspect=Imp|Gender=Masc|Mood=Ind|Number=Sing|Tense=Past|VerbForm=Fin|Voice=Act,_,_,_,@kvg1990f-words#@kvg1990f#1940.164#1940.506
797,/,/,PUNCT,_,_,_,_,_,@kvg1990f-words#@kvg1990f#1940.506#1940.847
798,нужен,нужный,ADJ,_,Degree=Pos|Gender=Masc|Number=Sing|Variant=Short,_,_,_,@kvg1990f-words#@kvg1990f#1940.847#1941.189
799,хороший,хороший,ADJ,_,Case=Nom|Degree=Pos|Gender=Masc|Number=Sing,_,_,_,@kvg1990f-words#@kvg1990f#1941.189#1941.531
800,сон,сон,NOUN,_,Animacy=Inan|Case=Nom|Gender=Masc|Number=Sing,_,_,_,@kvg1990f-words#@kvg1990f#1941.531#1941.873
801,/,/,PUNCT,_,_,_,_,_,@kvg1990f-words#@kvg1990f#1941.873#1942.214
802,правильное,правильный,ADJ,_,Case=Nom|Degree=Pos|Gender=Neut|Number=Sing,_,_,_,@kvg1990f-words#@kvg1990f#1942.214#1942.556
803,питание,питание,NOUN,_,Animacy=Inan|Case=Nom|Gender=Neut|Number=Sing,_,_,_,@kvg1990f-words#@kvg1990f#1942.556#1942.898
804,/,/,PUNCT,_,_,_,_,_,@kvg1990f-words#@kvg1990f#1942.898#1943.24
805,спокойствие,спокойствие,NOUN,_,Animacy=Inan|Case=Acc|Gender=Neut|Number=Sing,_,_,_,@kvg1990f-words#@kvg1990f#1943.24#1943.581
806,вот,вот,PART,_,_,_,_,_,@kvg1990f-words#@kvg1990f#1943.581#1943.923
807,/,/,PUNCT,_,_,_,_,_,@kvg1990f-words#@kvg1990f#1943.923#1944.265
808,поплакать,плакать,VERB,_,Aspect=Imp|VerbForm=Inf|Voice=Act,_,_,_,@kvg1990f-words#@kvg1990f#1944.265#1944.607
809,нужно,нужный,ADJ,_,Degree=Pos|Gender=Neut|Number=Sing|Variant=Short,_,_,_,@kvg1990f-words#@kvg1990f#1944.607#1944.948
810,можно,можно,ADV,_,Degree=Pos,_,_,_,@kvg1990f-words#@kvg1990f#1944.948#1945.29
811,/,/,PUNCT,_,_,_,_,_,@kvg1990f-words#@kvg1990f#1945.29#1945.632
812,психануть,психануть,VERB,_,Aspect=Perf|VerbForm=Inf|Voice=Act,_,_,_,@kvg1990f-words#@kvg1990f#1945.632#1945.974
813,закатить,закатить,VERB,_,Aspect=Perf|VerbForm=Inf|Voice=Act,_,_,_,@kvg1990f-words#@kvg1990f#1945.974#1946.315
814,там,там,ADV,_,Degree=Pos,_,_,_,@kvg1990f-words#@kvg1990f#1946.315#1946.657
815,скандал,скандал,NOUN,_,Animacy=Inan|Case=Acc|Gender=Masc|Number=Sing,_,_,_,@kvg1990f-words#@kvg1990f#1946.657#1946.999
816,тоже,тоже,PART,_,_,_,_,_,@kvg1990f-words#@kvg1990f#1946.999#1947.341
817,иногда,иногда,ADV,_,Degree=Pos,_,_,_,@kvg1990f-words#@kvg1990f#1947.341#1947.682
818,не,не,PART,_,_,_,_,_,@kvg1990f-words#@kvg1990f#1947.682#1948.024
819,помешает,помешать,VERB,_,Aspect=Perf|Mood=Ind|Number=Sing|Person=3|Tense=Fut|VerbForm=Fin|Voice=Act,_,_,_,@kvg1990f-words#@kvg1990f#1948.024#1948.366
820,в,в,ADP,_,_,_,_,_,@kvg1990f-words#@kvg1990f#1948.366#1948.708
821,себе,себя,PRON,_,Case=Loc,_,_,_,@kvg1990f-words#@kvg1990f#1948.708#1949.049
822,тоже,тоже,PART,_,_,_,_,_,@kvg1990f-words#@kvg1990f#1949.049#1949.391
823,держать,держать,VERB,_,Aspect=Imp|VerbForm=Inf|Voice=Act,_,_,_,@kvg1990f-words#@kvg1990f#1949.391#1949.733
824,плохо,плохо,ADV,_,Degree=Pos,_,_,_,@kvg1990f-words#@kvg1990f#1949.733#1950.075
825,/,/,PUNCT,_,_,_,_,_,@kvg1990f-words#@kvg1990f#1950.075#1950.416
826,но,но,CCONJ,_,_,_,_,_,@kvg1990f-words#@kvg1990f#1950.416#1950.758
827,опять,опять,ADV,_,Degree=Pos,_,_,_,@kvg1990f-words#@kvg1990f#1950.758#1951.1
828,таки,таки,PART,_,_,_,_,_,@kvg1990f-words#@kvg1990f#1951.1#1951.442
829,быть,быть,AUX,_,Aspect=Imp|VerbForm=Inf|Voice=Act,_,_,_,@kvg1990f-words#@kvg1990f#1951.442#1951.783
830,истеричкой,истеричка,NOUN,_,Animacy=Inan|Case=Ins|Gender=Fem|Number=Sing,_,_,_,@kvg1990f-words#@kvg1990f#1951.783#1952.125
831,плохо,плохо,ADV,_,Degree=Pos,_,_,_,@kvg1990f-words#@kvg1990f#1952.125#1952.467
832,и,и,CCONJ,_,_,_,_,_,@kvg1990f-words#@kvg1990f#1952.467#1952.809
833,держать,держать,VERB,_,Aspect=Imp|VerbForm=Inf|Voice=Act,_,_,_,@kvg1990f-words#@kvg1990f#1952.809#1953.15
834,в,в,ADP,_,_,_,_,_,@kvg1990f-words#@kvg1990f#1953.15#1953.492
835,себе,себя,PRON,_,Case=Loc,_,_,_,@kvg1990f-words#@kvg1990f#1953.492#1953.834
836,тоже,тоже,PART,_,_,_,_,_,@kvg1990f-words#@kvg1990f#1953.834#1954.176
837,это,это,PRON,_,Animacy=Inan|Case=Nom|Gender=Neut|Number=Sing,_,_,_,@kvg1990f-words#@kvg1990f#1954.176#1954.517
838,закончится,закончиться,VERB,_,Aspect=Perf|Mood=Ind|Number=Sing|Person=3|Tense=Fut|VerbForm=Fin|Voice=Mid,_,_,_,@kvg1990f-words#@kvg1990f#1954.517#1954.859
839,потом,потом,ADV,_,Degree=Pos,_,_,_,@kvg1990f-words#@kvg1990f#1954.859#1955.201
840,какой-то,какой-то,DET,_,Case=Ins|Gender=Fem|Number=Sing,_,_,_,@kvg1990f-words#@kvg1990f#1955.201#1955.543
841,болезнью,болезнь,NOUN,_,Animacy=Inan|Case=Ins|Gender=Fem|Number=Sing,_,_,_,@kvg1990f-words#@kvg1990f#1955.543#1955.884
842,или,или,CCONJ,_,_,_,_,_,@kvg1990f-words#@kvg1990f#1955.884#1956.226
843,чем-то,что-то,PRON,_,Case=Ins,_,_,_,@kvg1990f-words#@kvg1990f#1956.226#1956.568
844,ещё,еще,ADV,_,Degree=Pos,_,_,_,@kvg1990f-words#@kvg1990f#1956.568#1956.91
845,а,а,CCONJ,_,_,_,_,_,@kvg1990f-words#@kvg1990f#1957.65#1958.002
846,вот,вот,PART,_,_,_,_,_,@kvg1990f-words#@kvg1990f#1958.002#1958.355
847,как-то,как-то,ADV,_,Degree=Pos,_,_,_,@kvg1990f-words#@kvg1990f#1958.355#1958.707
848,балансировать,балансировать,VERB,_,Aspect=Imp|VerbForm=Inf|Voice=Act,_,_,_,@kvg1990f-words#@kvg1990f#1958.707#1959.06
849,в,в,ADP,_,_,_,_,_,@kvg1990f-words#@kvg1990f#1959.06#1959.412
850,этом,это,PRON,_,Animacy=Inan|Case=Loc|Gender=Neut|Number=Sing,_,_,_,@kvg1990f-words#@kvg1990f#1959.412#1959.765
851,всём,весь,DET,_,Case=Loc|Gender=Neut|Number=Sing,_,_,_,@kvg1990f-words#@kvg1990f#1959.765#1960.118
852,анеглов,анегел,NOUN,_,Animacy=Anim|Case=Acc|Gender=Masc|Number=Plur,_,_,_,@kvg1990f-words#@kvg1990f#1961.14#1961.614
853,и,и,CCONJ,_,_,_,_,_,@kvg1990f-words#@kvg1990f#1961.614#1962.088
854,демонов,демон,NOUN,_,Animacy=Anim|Case=Acc|Gender=Masc|Number=Plur,_,_,_,@kvg1990f-words#@kvg1990f#1962.088#1962.563
855,/,/,PUNCT,_,_,_,_,_,@kvg1990f-words#@kvg1990f#1962.563#1963.037
856,мирить,мирить,VERB,_,Aspect=Imp|VerbForm=Inf|Voice=Act,_,_,_,@kvg1990f-words#@kvg1990f#1963.037#1963.511
857,друг,друг,NOUN,_,Animacy=Anim|Case=Nom|Gender=Masc|Number=Sing,_,_,_,@kvg1990f-words#@kvg1990f#1963.511#1963.986
858,с,с,ADP,_,_,_,_,_,@kvg1990f-words#@kvg1990f#1963.986#1964.46
859,другом,друг,NOUN,_,Animacy=Anim|Case=Ins|Gender=Masc|Number=Sing,_,_,_,@kvg1990f-words#@kvg1990f#1964.46#1964.935
860,вот,вот,PART,_,_,_,_,_,@kvg1990f-words#@kvg1990f#1964.935#1965.409
861,это,это,PRON,_,Animacy=Inan|Case=Nom|Gender=Neut|Number=Sing,_,_,_,@kvg1990f-words#@kvg1990f#1965.409#1965.883
862,вот,вот,PART,_,_,_,_,_,@kvg1990f-words#@kvg1990f#1965.883#1966.358
863,/,/,PUNCT,_,_,_,_,_,@kvg1990f-words#@kvg1990f#1966.358#1966.832
864,прикольно,прикольно,ADV,_,Degree=Pos,_,_,_,@kvg1990f-words#@kvg1990f#1966.832#1967.307
